"","GEOID","NAME","variable","estimate","moe"
"1","19001","Adair County, Iowa","Speak only English",6485,53
"2","19001","Adair County, Iowa","Spanish",100,36
"3","19001","Adair County, Iowa","French, Haitian, or Cajun",0,14
"4","19001","Adair County, Iowa","German or other West Germanic languages",22,18
"5","19001","Adair County, Iowa","Russian, Polish, or other Slavic languages",3,5
"6","19001","Adair County, Iowa","Other Indo-European languages",53,36
"7","19001","Adair County, Iowa","Korean",6,12
"8","19001","Adair County, Iowa","Chinese (incl. Mandarin, Cantonese)",22,18
"9","19001","Adair County, Iowa","Vietnamese",0,14
"10","19001","Adair County, Iowa","Tagalog (incl. Filipino)",6,8
"11","19001","Adair County, Iowa","Other Asian and Pacific Island languages",2,4
"12","19001","Adair County, Iowa","Arabic",0,14
"13","19001","Adair County, Iowa","Other and unspecified languages",0,14
"14","19003","Adams County, Iowa","Speak only English",3399,25
"15","19003","Adams County, Iowa","Spanish",49,25
"16","19003","Adams County, Iowa","French, Haitian, or Cajun",0,10
"17","19003","Adams County, Iowa","German or other West Germanic languages",1,3
"18","19003","Adams County, Iowa","Russian, Polish, or other Slavic languages",0,10
"19","19003","Adams County, Iowa","Other Indo-European languages",2,3
"20","19003","Adams County, Iowa","Korean",0,10
"21","19003","Adams County, Iowa","Chinese (incl. Mandarin, Cantonese)",0,10
"22","19003","Adams County, Iowa","Vietnamese",0,10
"23","19003","Adams County, Iowa","Tagalog (incl. Filipino)",0,10
"24","19003","Adams County, Iowa","Other Asian and Pacific Island languages",0,10
"25","19003","Adams County, Iowa","Arabic",0,10
"26","19003","Adams County, Iowa","Other and unspecified languages",0,10
"27","19005","Allamakee County, Iowa","Speak only English",11413,229
"28","19005","Allamakee County, Iowa","Spanish",768,90
"29","19005","Allamakee County, Iowa","French, Haitian, or Cajun",22,23
"30","19005","Allamakee County, Iowa","German or other West Germanic languages",384,177
"31","19005","Allamakee County, Iowa","Russian, Polish, or other Slavic languages",47,59
"32","19005","Allamakee County, Iowa","Other Indo-European languages",58,88
"33","19005","Allamakee County, Iowa","Korean",0,16
"34","19005","Allamakee County, Iowa","Chinese (incl. Mandarin, Cantonese)",19,28
"35","19005","Allamakee County, Iowa","Vietnamese",0,16
"36","19005","Allamakee County, Iowa","Tagalog (incl. Filipino)",7,10
"37","19005","Allamakee County, Iowa","Other Asian and Pacific Island languages",0,16
"38","19005","Allamakee County, Iowa","Arabic",0,16
"39","19005","Allamakee County, Iowa","Other and unspecified languages",147,63
"40","19007","Appanoose County, Iowa","Speak only English",11434,128
"41","19007","Appanoose County, Iowa","Spanish",33,25
"42","19007","Appanoose County, Iowa","French, Haitian, or Cajun",6,9
"43","19007","Appanoose County, Iowa","German or other West Germanic languages",228,121
"44","19007","Appanoose County, Iowa","Russian, Polish, or other Slavic languages",0,16
"45","19007","Appanoose County, Iowa","Other Indo-European languages",20,20
"46","19007","Appanoose County, Iowa","Korean",0,16
"47","19007","Appanoose County, Iowa","Chinese (incl. Mandarin, Cantonese)",40,46
"48","19007","Appanoose County, Iowa","Vietnamese",4,7
"49","19007","Appanoose County, Iowa","Tagalog (incl. Filipino)",4,7
"50","19007","Appanoose County, Iowa","Other Asian and Pacific Island languages",6,10
"51","19007","Appanoose County, Iowa","Arabic",0,16
"52","19007","Appanoose County, Iowa","Other and unspecified languages",4,8
"53","19009","Audubon County, Iowa","Speak only English",5168,34
"54","19009","Audubon County, Iowa","Spanish",31,28
"55","19009","Audubon County, Iowa","French, Haitian, or Cajun",0,14
"56","19009","Audubon County, Iowa","German or other West Germanic languages",8,9
"57","19009","Audubon County, Iowa","Russian, Polish, or other Slavic languages",0,14
"58","19009","Audubon County, Iowa","Other Indo-European languages",19,13
"59","19009","Audubon County, Iowa","Korean",0,14
"60","19009","Audubon County, Iowa","Chinese (incl. Mandarin, Cantonese)",0,14
"61","19009","Audubon County, Iowa","Vietnamese",15,23
"62","19009","Audubon County, Iowa","Tagalog (incl. Filipino)",0,14
"63","19009","Audubon County, Iowa","Other Asian and Pacific Island languages",0,14
"64","19009","Audubon County, Iowa","Arabic",0,14
"65","19009","Audubon County, Iowa","Other and unspecified languages",0,14
"66","19011","Benton County, Iowa","Speak only English",23381,206
"67","19011","Benton County, Iowa","Spanish",367,111
"68","19011","Benton County, Iowa","French, Haitian, or Cajun",62,49
"69","19011","Benton County, Iowa","German or other West Germanic languages",149,165
"70","19011","Benton County, Iowa","Russian, Polish, or other Slavic languages",2,3
"71","19011","Benton County, Iowa","Other Indo-European languages",88,59
"72","19011","Benton County, Iowa","Korean",0,18
"73","19011","Benton County, Iowa","Chinese (incl. Mandarin, Cantonese)",0,18
"74","19011","Benton County, Iowa","Vietnamese",0,18
"75","19011","Benton County, Iowa","Tagalog (incl. Filipino)",0,18
"76","19011","Benton County, Iowa","Other Asian and Pacific Island languages",10,22
"77","19011","Benton County, Iowa","Arabic",0,18
"78","19011","Benton County, Iowa","Other and unspecified languages",2,4
"79","19013","Black Hawk County, Iowa","Speak only English",112529,987
"80","19013","Black Hawk County, Iowa","Spanish",4081,452
"81","19013","Black Hawk County, Iowa","French, Haitian, or Cajun",1036,415
"82","19013","Black Hawk County, Iowa","German or other West Germanic languages",421,178
"83","19013","Black Hawk County, Iowa","Russian, Polish, or other Slavic languages",2475,649
"84","19013","Black Hawk County, Iowa","Other Indo-European languages",1155,493
"85","19013","Black Hawk County, Iowa","Korean",18,21
"86","19013","Black Hawk County, Iowa","Chinese (incl. Mandarin, Cantonese)",256,145
"87","19013","Black Hawk County, Iowa","Vietnamese",63,51
"88","19013","Black Hawk County, Iowa","Tagalog (incl. Filipino)",66,40
"89","19013","Black Hawk County, Iowa","Other Asian and Pacific Island languages",1175,351
"90","19013","Black Hawk County, Iowa","Arabic",494,344
"91","19013","Black Hawk County, Iowa","Other and unspecified languages",228,113
"92","19015","Boone County, Iowa","Speak only English",24213,163
"93","19015","Boone County, Iowa","Spanish",508,114
"94","19015","Boone County, Iowa","French, Haitian, or Cajun",21,20
"95","19015","Boone County, Iowa","German or other West Germanic languages",22,20
"96","19015","Boone County, Iowa","Russian, Polish, or other Slavic languages",41,47
"97","19015","Boone County, Iowa","Other Indo-European languages",37,42
"98","19015","Boone County, Iowa","Korean",0,18
"99","19015","Boone County, Iowa","Chinese (incl. Mandarin, Cantonese)",0,18
"100","19015","Boone County, Iowa","Vietnamese",0,18
"101","19015","Boone County, Iowa","Tagalog (incl. Filipino)",0,18
"102","19015","Boone County, Iowa","Other Asian and Pacific Island languages",1,2
"103","19015","Boone County, Iowa","Arabic",0,18
"104","19015","Boone County, Iowa","Other and unspecified languages",6,8
"105","19017","Bremer County, Iowa","Speak only English",22805,124
"106","19017","Bremer County, Iowa","Spanish",169,77
"107","19017","Bremer County, Iowa","French, Haitian, or Cajun",26,20
"108","19017","Bremer County, Iowa","German or other West Germanic languages",116,50
"109","19017","Bremer County, Iowa","Russian, Polish, or other Slavic languages",0,18
"110","19017","Bremer County, Iowa","Other Indo-European languages",80,74
"111","19017","Bremer County, Iowa","Korean",6,10
"112","19017","Bremer County, Iowa","Chinese (incl. Mandarin, Cantonese)",37,43
"113","19017","Bremer County, Iowa","Vietnamese",11,17
"114","19017","Bremer County, Iowa","Tagalog (incl. Filipino)",25,37
"115","19017","Bremer County, Iowa","Other Asian and Pacific Island languages",62,70
"116","19017","Bremer County, Iowa","Arabic",7,13
"117","19017","Bremer County, Iowa","Other and unspecified languages",55,55
"118","19019","Buchanan County, Iowa","Speak only English",18995,194
"119","19019","Buchanan County, Iowa","Spanish",212,95
"120","19019","Buchanan County, Iowa","French, Haitian, or Cajun",29,32
"121","19019","Buchanan County, Iowa","German or other West Germanic languages",329,183
"122","19019","Buchanan County, Iowa","Russian, Polish, or other Slavic languages",25,41
"123","19019","Buchanan County, Iowa","Other Indo-European languages",24,37
"124","19019","Buchanan County, Iowa","Korean",0,18
"125","19019","Buchanan County, Iowa","Chinese (incl. Mandarin, Cantonese)",0,18
"126","19019","Buchanan County, Iowa","Vietnamese",0,18
"127","19019","Buchanan County, Iowa","Tagalog (incl. Filipino)",0,18
"128","19019","Buchanan County, Iowa","Other Asian and Pacific Island languages",0,18
"129","19019","Buchanan County, Iowa","Arabic",0,18
"130","19019","Buchanan County, Iowa","Other and unspecified languages",29,34
"131","19021","Buena Vista County, Iowa","Speak only English",12521,263
"132","19021","Buena Vista County, Iowa","Spanish",4146,185
"133","19021","Buena Vista County, Iowa","French, Haitian, or Cajun",11,14
"134","19021","Buena Vista County, Iowa","German or other West Germanic languages",37,18
"135","19021","Buena Vista County, Iowa","Russian, Polish, or other Slavic languages",0,18
"136","19021","Buena Vista County, Iowa","Other Indo-European languages",13,12
"137","19021","Buena Vista County, Iowa","Korean",19,32
"138","19021","Buena Vista County, Iowa","Chinese (incl. Mandarin, Cantonese)",100,175
"139","19021","Buena Vista County, Iowa","Vietnamese",126,139
"140","19021","Buena Vista County, Iowa","Tagalog (incl. Filipino)",5,7
"141","19021","Buena Vista County, Iowa","Other Asian and Pacific Island languages",1539,262
"142","19021","Buena Vista County, Iowa","Arabic",0,18
"143","19021","Buena Vista County, Iowa","Other and unspecified languages",44,66
"144","19023","Butler County, Iowa","Speak only English",13603,74
"145","19023","Butler County, Iowa","Spanish",85,36
"146","19023","Butler County, Iowa","French, Haitian, or Cajun",0,16
"147","19023","Butler County, Iowa","German or other West Germanic languages",101,38
"148","19023","Butler County, Iowa","Russian, Polish, or other Slavic languages",0,16
"149","19023","Butler County, Iowa","Other Indo-European languages",9,10
"150","19023","Butler County, Iowa","Korean",13,19
"151","19023","Butler County, Iowa","Chinese (incl. Mandarin, Cantonese)",0,16
"152","19023","Butler County, Iowa","Vietnamese",0,16
"153","19023","Butler County, Iowa","Tagalog (incl. Filipino)",0,16
"154","19023","Butler County, Iowa","Other Asian and Pacific Island languages",23,32
"155","19023","Butler County, Iowa","Arabic",0,16
"156","19023","Butler County, Iowa","Other and unspecified languages",2,4
"157","19025","Calhoun County, Iowa","Speak only English",9029,55
"158","19025","Calhoun County, Iowa","Spanish",66,30
"159","19025","Calhoun County, Iowa","French, Haitian, or Cajun",3,6
"160","19025","Calhoun County, Iowa","German or other West Germanic languages",23,18
"161","19025","Calhoun County, Iowa","Russian, Polish, or other Slavic languages",0,14
"162","19025","Calhoun County, Iowa","Other Indo-European languages",4,8
"163","19025","Calhoun County, Iowa","Korean",0,14
"164","19025","Calhoun County, Iowa","Chinese (incl. Mandarin, Cantonese)",5,7
"165","19025","Calhoun County, Iowa","Vietnamese",0,14
"166","19025","Calhoun County, Iowa","Tagalog (incl. Filipino)",6,6
"167","19025","Calhoun County, Iowa","Other Asian and Pacific Island languages",7,10
"168","19025","Calhoun County, Iowa","Arabic",0,14
"169","19025","Calhoun County, Iowa","Other and unspecified languages",34,31
"170","19027","Carroll County, Iowa","Speak only English",18514,100
"171","19027","Carroll County, Iowa","Spanish",397,131
"172","19027","Carroll County, Iowa","French, Haitian, or Cajun",0,18
"173","19027","Carroll County, Iowa","German or other West Germanic languages",21,12
"174","19027","Carroll County, Iowa","Russian, Polish, or other Slavic languages",0,18
"175","19027","Carroll County, Iowa","Other Indo-European languages",8,19
"176","19027","Carroll County, Iowa","Korean",0,18
"177","19027","Carroll County, Iowa","Chinese (incl. Mandarin, Cantonese)",0,18
"178","19027","Carroll County, Iowa","Vietnamese",0,18
"179","19027","Carroll County, Iowa","Tagalog (incl. Filipino)",9,11
"180","19027","Carroll County, Iowa","Other Asian and Pacific Island languages",15,16
"181","19027","Carroll County, Iowa","Arabic",0,18
"182","19027","Carroll County, Iowa","Other and unspecified languages",11,41
"183","19029","Cass County, Iowa","Speak only English",12101,144
"184","19029","Cass County, Iowa","Spanish",240,136
"185","19029","Cass County, Iowa","French, Haitian, or Cajun",21,25
"186","19029","Cass County, Iowa","German or other West Germanic languages",3,5
"187","19029","Cass County, Iowa","Russian, Polish, or other Slavic languages",0,16
"188","19029","Cass County, Iowa","Other Indo-European languages",19,17
"189","19029","Cass County, Iowa","Korean",0,16
"190","19029","Cass County, Iowa","Chinese (incl. Mandarin, Cantonese)",0,16
"191","19029","Cass County, Iowa","Vietnamese",0,16
"192","19029","Cass County, Iowa","Tagalog (incl. Filipino)",0,16
"193","19029","Cass County, Iowa","Other Asian and Pacific Island languages",42,46
"194","19029","Cass County, Iowa","Arabic",0,16
"195","19029","Cass County, Iowa","Other and unspecified languages",0,16
"196","19031","Cedar County, Iowa","Speak only English",17231,96
"197","19031","Cedar County, Iowa","Spanish",199,70
"198","19031","Cedar County, Iowa","French, Haitian, or Cajun",1,2
"199","19031","Cedar County, Iowa","German or other West Germanic languages",42,32
"200","19031","Cedar County, Iowa","Russian, Polish, or other Slavic languages",0,16
"201","19031","Cedar County, Iowa","Other Indo-European languages",3,4
"202","19031","Cedar County, Iowa","Korean",16,20
"203","19031","Cedar County, Iowa","Chinese (incl. Mandarin, Cantonese)",0,16
"204","19031","Cedar County, Iowa","Vietnamese",0,16
"205","19031","Cedar County, Iowa","Tagalog (incl. Filipino)",0,16
"206","19031","Cedar County, Iowa","Other Asian and Pacific Island languages",4,6
"207","19031","Cedar County, Iowa","Arabic",0,16
"208","19031","Cedar County, Iowa","Other and unspecified languages",39,44
"209","19033","Cerro Gordo County, Iowa","Speak only English",39000,386
"210","19033","Cerro Gordo County, Iowa","Spanish",952,308
"211","19033","Cerro Gordo County, Iowa","French, Haitian, or Cajun",62,42
"212","19033","Cerro Gordo County, Iowa","German or other West Germanic languages",229,157
"213","19033","Cerro Gordo County, Iowa","Russian, Polish, or other Slavic languages",60,63
"214","19033","Cerro Gordo County, Iowa","Other Indo-European languages",130,108
"215","19033","Cerro Gordo County, Iowa","Korean",18,22
"216","19033","Cerro Gordo County, Iowa","Chinese (incl. Mandarin, Cantonese)",8,11
"217","19033","Cerro Gordo County, Iowa","Vietnamese",20,35
"218","19033","Cerro Gordo County, Iowa","Tagalog (incl. Filipino)",26,37
"219","19033","Cerro Gordo County, Iowa","Other Asian and Pacific Island languages",23,23
"220","19033","Cerro Gordo County, Iowa","Arabic",0,21
"221","19033","Cerro Gordo County, Iowa","Other and unspecified languages",0,21
"222","19035","Cherokee County, Iowa","Speak only English",10396,123
"223","19035","Cherokee County, Iowa","Spanish",210,109
"224","19035","Cherokee County, Iowa","French, Haitian, or Cajun",0,16
"225","19035","Cherokee County, Iowa","German or other West Germanic languages",25,15
"226","19035","Cherokee County, Iowa","Russian, Polish, or other Slavic languages",26,36
"227","19035","Cherokee County, Iowa","Other Indo-European languages",0,16
"228","19035","Cherokee County, Iowa","Korean",0,16
"229","19035","Cherokee County, Iowa","Chinese (incl. Mandarin, Cantonese)",0,16
"230","19035","Cherokee County, Iowa","Vietnamese",0,16
"231","19035","Cherokee County, Iowa","Tagalog (incl. Filipino)",27,44
"232","19035","Cherokee County, Iowa","Other Asian and Pacific Island languages",0,16
"233","19035","Cherokee County, Iowa","Arabic",0,16
"234","19035","Cherokee County, Iowa","Other and unspecified languages",5,11
"235","19037","Chickasaw County, Iowa","Speak only English",10643,303
"236","19037","Chickasaw County, Iowa","Spanish",304,71
"237","19037","Chickasaw County, Iowa","French, Haitian, or Cajun",2,4
"238","19037","Chickasaw County, Iowa","German or other West Germanic languages",326,296
"239","19037","Chickasaw County, Iowa","Russian, Polish, or other Slavic languages",2,4
"240","19037","Chickasaw County, Iowa","Other Indo-European languages",7,13
"241","19037","Chickasaw County, Iowa","Korean",0,16
"242","19037","Chickasaw County, Iowa","Chinese (incl. Mandarin, Cantonese)",0,16
"243","19037","Chickasaw County, Iowa","Vietnamese",0,16
"244","19037","Chickasaw County, Iowa","Tagalog (incl. Filipino)",12,11
"245","19037","Chickasaw County, Iowa","Other Asian and Pacific Island languages",0,16
"246","19037","Chickasaw County, Iowa","Arabic",7,10
"247","19037","Chickasaw County, Iowa","Other and unspecified languages",0,16
"248","19039","Clarke County, Iowa","Speak only English",7625,182
"249","19039","Clarke County, Iowa","Spanish",962,217
"250","19039","Clarke County, Iowa","French, Haitian, or Cajun",0,14
"251","19039","Clarke County, Iowa","German or other West Germanic languages",73,94
"252","19039","Clarke County, Iowa","Russian, Polish, or other Slavic languages",12,18
"253","19039","Clarke County, Iowa","Other Indo-European languages",0,14
"254","19039","Clarke County, Iowa","Korean",0,14
"255","19039","Clarke County, Iowa","Chinese (incl. Mandarin, Cantonese)",0,14
"256","19039","Clarke County, Iowa","Vietnamese",0,14
"257","19039","Clarke County, Iowa","Tagalog (incl. Filipino)",9,12
"258","19039","Clarke County, Iowa","Other Asian and Pacific Island languages",5,12
"259","19039","Clarke County, Iowa","Arabic",0,14
"260","19039","Clarke County, Iowa","Other and unspecified languages",0,14
"261","19041","Clay County, Iowa","Speak only English",14591,211
"262","19041","Clay County, Iowa","Spanish",380,164
"263","19041","Clay County, Iowa","French, Haitian, or Cajun",0,16
"264","19041","Clay County, Iowa","German or other West Germanic languages",60,50
"265","19041","Clay County, Iowa","Russian, Polish, or other Slavic languages",0,16
"266","19041","Clay County, Iowa","Other Indo-European languages",4,10
"267","19041","Clay County, Iowa","Korean",0,16
"268","19041","Clay County, Iowa","Chinese (incl. Mandarin, Cantonese)",0,16
"269","19041","Clay County, Iowa","Vietnamese",0,16
"270","19041","Clay County, Iowa","Tagalog (incl. Filipino)",0,16
"271","19041","Clay County, Iowa","Other Asian and Pacific Island languages",101,82
"272","19041","Clay County, Iowa","Arabic",0,16
"273","19041","Clay County, Iowa","Other and unspecified languages",17,21
"274","19043","Clayton County, Iowa","Speak only English",15670,285
"275","19043","Clayton County, Iowa","Spanish",335,100
"276","19043","Clayton County, Iowa","French, Haitian, or Cajun",6,7
"277","19043","Clayton County, Iowa","German or other West Germanic languages",423,244
"278","19043","Clayton County, Iowa","Russian, Polish, or other Slavic languages",0,16
"279","19043","Clayton County, Iowa","Other Indo-European languages",2,3
"280","19043","Clayton County, Iowa","Korean",11,15
"281","19043","Clayton County, Iowa","Chinese (incl. Mandarin, Cantonese)",0,16
"282","19043","Clayton County, Iowa","Vietnamese",0,16
"283","19043","Clayton County, Iowa","Tagalog (incl. Filipino)",12,17
"284","19043","Clayton County, Iowa","Other Asian and Pacific Island languages",22,23
"285","19043","Clayton County, Iowa","Arabic",0,16
"286","19043","Clayton County, Iowa","Other and unspecified languages",195,152
"287","19045","Clinton County, Iowa","Speak only English",43284,179
"288","19045","Clinton County, Iowa","Spanish",402,133
"289","19045","Clinton County, Iowa","French, Haitian, or Cajun",32,37
"290","19045","Clinton County, Iowa","German or other West Germanic languages",86,63
"291","19045","Clinton County, Iowa","Russian, Polish, or other Slavic languages",19,26
"292","19045","Clinton County, Iowa","Other Indo-European languages",20,18
"293","19045","Clinton County, Iowa","Korean",25,25
"294","19045","Clinton County, Iowa","Chinese (incl. Mandarin, Cantonese)",60,67
"295","19045","Clinton County, Iowa","Vietnamese",11,21
"296","19045","Clinton County, Iowa","Tagalog (incl. Filipino)",67,48
"297","19045","Clinton County, Iowa","Other Asian and Pacific Island languages",33,33
"298","19045","Clinton County, Iowa","Arabic",41,38
"299","19045","Clinton County, Iowa","Other and unspecified languages",21,38
"300","19047","Crawford County, Iowa","Speak only English",11074,225
"301","19047","Crawford County, Iowa","Spanish",4080,147
"302","19047","Crawford County, Iowa","French, Haitian, or Cajun",5,5
"303","19047","Crawford County, Iowa","German or other West Germanic languages",34,29
"304","19047","Crawford County, Iowa","Russian, Polish, or other Slavic languages",4,5
"305","19047","Crawford County, Iowa","Other Indo-European languages",36,87
"306","19047","Crawford County, Iowa","Korean",18,37
"307","19047","Crawford County, Iowa","Chinese (incl. Mandarin, Cantonese)",3,9
"308","19047","Crawford County, Iowa","Vietnamese",0,16
"309","19047","Crawford County, Iowa","Tagalog (incl. Filipino)",0,16
"310","19047","Crawford County, Iowa","Other Asian and Pacific Island languages",314,128
"311","19047","Crawford County, Iowa","Arabic",120,110
"312","19047","Crawford County, Iowa","Other and unspecified languages",233,183
"313","19049","Dallas County, Iowa","Speak only English",71444,860
"314","19049","Dallas County, Iowa","Spanish",3728,376
"315","19049","Dallas County, Iowa","French, Haitian, or Cajun",297,149
"316","19049","Dallas County, Iowa","German or other West Germanic languages",125,62
"317","19049","Dallas County, Iowa","Russian, Polish, or other Slavic languages",554,281
"318","19049","Dallas County, Iowa","Other Indo-European languages",1321,376
"319","19049","Dallas County, Iowa","Korean",38,34
"320","19049","Dallas County, Iowa","Chinese (incl. Mandarin, Cantonese)",270,185
"321","19049","Dallas County, Iowa","Vietnamese",238,221
"322","19049","Dallas County, Iowa","Tagalog (incl. Filipino)",308,110
"323","19049","Dallas County, Iowa","Other Asian and Pacific Island languages",1124,407
"324","19049","Dallas County, Iowa","Arabic",596,567
"325","19049","Dallas County, Iowa","Other and unspecified languages",296,171
"326","19051","Davis County, Iowa","Speak only English",6497,434
"327","19051","Davis County, Iowa","Spanish",33,25
"328","19051","Davis County, Iowa","French, Haitian, or Cajun",13,19
"329","19051","Davis County, Iowa","German or other West Germanic languages",1540,439
"330","19051","Davis County, Iowa","Russian, Polish, or other Slavic languages",0,14
"331","19051","Davis County, Iowa","Other Indo-European languages",14,21
"332","19051","Davis County, Iowa","Korean",10,18
"333","19051","Davis County, Iowa","Chinese (incl. Mandarin, Cantonese)",0,14
"334","19051","Davis County, Iowa","Vietnamese",0,14
"335","19051","Davis County, Iowa","Tagalog (incl. Filipino)",0,14
"336","19051","Davis County, Iowa","Other Asian and Pacific Island languages",0,14
"337","19051","Davis County, Iowa","Arabic",0,14
"338","19051","Davis County, Iowa","Other and unspecified languages",8,12
"339","19053","Decatur County, Iowa","Speak only English",7038,140
"340","19053","Decatur County, Iowa","Spanish",111,50
"341","19053","Decatur County, Iowa","French, Haitian, or Cajun",9,15
"342","19053","Decatur County, Iowa","German or other West Germanic languages",255,125
"343","19053","Decatur County, Iowa","Russian, Polish, or other Slavic languages",10,13
"344","19053","Decatur County, Iowa","Other Indo-European languages",29,20
"345","19053","Decatur County, Iowa","Korean",6,10
"346","19053","Decatur County, Iowa","Chinese (incl. Mandarin, Cantonese)",0,14
"347","19053","Decatur County, Iowa","Vietnamese",6,13
"348","19053","Decatur County, Iowa","Tagalog (incl. Filipino)",0,14
"349","19053","Decatur County, Iowa","Other Asian and Pacific Island languages",10,14
"350","19053","Decatur County, Iowa","Arabic",0,14
"351","19053","Decatur County, Iowa","Other and unspecified languages",8,10
"352","19055","Delaware County, Iowa","Speak only English",15698,126
"353","19055","Delaware County, Iowa","Spanish",195,77
"354","19055","Delaware County, Iowa","French, Haitian, or Cajun",0,16
"355","19055","Delaware County, Iowa","German or other West Germanic languages",90,76
"356","19055","Delaware County, Iowa","Russian, Polish, or other Slavic languages",15,26
"357","19055","Delaware County, Iowa","Other Indo-European languages",13,18
"358","19055","Delaware County, Iowa","Korean",5,7
"359","19055","Delaware County, Iowa","Chinese (incl. Mandarin, Cantonese)",0,16
"360","19055","Delaware County, Iowa","Vietnamese",3,6
"361","19055","Delaware County, Iowa","Tagalog (incl. Filipino)",18,21
"362","19055","Delaware County, Iowa","Other Asian and Pacific Island languages",6,10
"363","19055","Delaware County, Iowa","Arabic",0,16
"364","19055","Delaware County, Iowa","Other and unspecified languages",11,17
"365","19057","Des Moines County, Iowa","Speak only English",35872,252
"366","19057","Des Moines County, Iowa","Spanish",642,207
"367","19057","Des Moines County, Iowa","French, Haitian, or Cajun",82,78
"368","19057","Des Moines County, Iowa","German or other West Germanic languages",112,68
"369","19057","Des Moines County, Iowa","Russian, Polish, or other Slavic languages",34,28
"370","19057","Des Moines County, Iowa","Other Indo-European languages",104,71
"371","19057","Des Moines County, Iowa","Korean",12,17
"372","19057","Des Moines County, Iowa","Chinese (incl. Mandarin, Cantonese)",62,51
"373","19057","Des Moines County, Iowa","Vietnamese",0,21
"374","19057","Des Moines County, Iowa","Tagalog (incl. Filipino)",69,85
"375","19057","Des Moines County, Iowa","Other Asian and Pacific Island languages",52,38
"376","19057","Des Moines County, Iowa","Arabic",40,40
"377","19057","Des Moines County, Iowa","Other and unspecified languages",8,12
"378","19059","Dickinson County, Iowa","Speak only English",15841,123
"379","19059","Dickinson County, Iowa","Spanish",206,77
"380","19059","Dickinson County, Iowa","French, Haitian, or Cajun",21,15
"381","19059","Dickinson County, Iowa","German or other West Germanic languages",45,33
"382","19059","Dickinson County, Iowa","Russian, Polish, or other Slavic languages",51,49
"383","19059","Dickinson County, Iowa","Other Indo-European languages",5,8
"384","19059","Dickinson County, Iowa","Korean",1,3
"385","19059","Dickinson County, Iowa","Chinese (incl. Mandarin, Cantonese)",97,69
"386","19059","Dickinson County, Iowa","Vietnamese",0,16
"387","19059","Dickinson County, Iowa","Tagalog (incl. Filipino)",9,16
"388","19059","Dickinson County, Iowa","Other Asian and Pacific Island languages",40,52
"389","19059","Dickinson County, Iowa","Arabic",9,15
"390","19059","Dickinson County, Iowa","Other and unspecified languages",10,14
"391","19061","Dubuque County, Iowa","Speak only English",86992,370
"392","19061","Dubuque County, Iowa","Spanish",1805,254
"393","19061","Dubuque County, Iowa","French, Haitian, or Cajun",193,98
"394","19061","Dubuque County, Iowa","German or other West Germanic languages",246,85
"395","19061","Dubuque County, Iowa","Russian, Polish, or other Slavic languages",182,104
"396","19061","Dubuque County, Iowa","Other Indo-European languages",166,108
"397","19061","Dubuque County, Iowa","Korean",113,89
"398","19061","Dubuque County, Iowa","Chinese (incl. Mandarin, Cantonese)",185,130
"399","19061","Dubuque County, Iowa","Vietnamese",55,51
"400","19061","Dubuque County, Iowa","Tagalog (incl. Filipino)",111,67
"401","19061","Dubuque County, Iowa","Other Asian and Pacific Island languages",461,106
"402","19061","Dubuque County, Iowa","Arabic",206,140
"403","19061","Dubuque County, Iowa","Other and unspecified languages",149,117
"404","19063","Emmet County, Iowa","Speak only English",8205,139
"405","19063","Emmet County, Iowa","Spanish",663,131
"406","19063","Emmet County, Iowa","French, Haitian, or Cajun",16,19
"407","19063","Emmet County, Iowa","German or other West Germanic languages",0,14
"408","19063","Emmet County, Iowa","Russian, Polish, or other Slavic languages",0,14
"409","19063","Emmet County, Iowa","Other Indo-European languages",3,5
"410","19063","Emmet County, Iowa","Korean",0,14
"411","19063","Emmet County, Iowa","Chinese (incl. Mandarin, Cantonese)",0,14
"412","19063","Emmet County, Iowa","Vietnamese",0,14
"413","19063","Emmet County, Iowa","Tagalog (incl. Filipino)",16,21
"414","19063","Emmet County, Iowa","Other Asian and Pacific Island languages",13,19
"415","19063","Emmet County, Iowa","Arabic",10,15
"416","19063","Emmet County, Iowa","Other and unspecified languages",6,11
"417","19065","Fayette County, Iowa","Speak only English",18135,127
"418","19065","Fayette County, Iowa","Spanish",331,92
"419","19065","Fayette County, Iowa","French, Haitian, or Cajun",11,16
"420","19065","Fayette County, Iowa","German or other West Germanic languages",181,72
"421","19065","Fayette County, Iowa","Russian, Polish, or other Slavic languages",4,8
"422","19065","Fayette County, Iowa","Other Indo-European languages",10,11
"423","19065","Fayette County, Iowa","Korean",0,16
"424","19065","Fayette County, Iowa","Chinese (incl. Mandarin, Cantonese)",7,10
"425","19065","Fayette County, Iowa","Vietnamese",0,16
"426","19065","Fayette County, Iowa","Tagalog (incl. Filipino)",6,8
"427","19065","Fayette County, Iowa","Other Asian and Pacific Island languages",11,19
"428","19065","Fayette County, Iowa","Arabic",3,6
"429","19065","Fayette County, Iowa","Other and unspecified languages",31,36
"430","19067","Floyd County, Iowa","Speak only English",13670,313
"431","19067","Floyd County, Iowa","Spanish",411,117
"432","19067","Floyd County, Iowa","French, Haitian, or Cajun",0,16
"433","19067","Floyd County, Iowa","German or other West Germanic languages",566,271
"434","19067","Floyd County, Iowa","Russian, Polish, or other Slavic languages",0,16
"435","19067","Floyd County, Iowa","Other Indo-European languages",15,23
"436","19067","Floyd County, Iowa","Korean",0,16
"437","19067","Floyd County, Iowa","Chinese (incl. Mandarin, Cantonese)",24,39
"438","19067","Floyd County, Iowa","Vietnamese",0,16
"439","19067","Floyd County, Iowa","Tagalog (incl. Filipino)",113,59
"440","19067","Floyd County, Iowa","Other Asian and Pacific Island languages",59,58
"441","19067","Floyd County, Iowa","Arabic",0,16
"442","19067","Floyd County, Iowa","Other and unspecified languages",62,83
"443","19069","Franklin County, Iowa","Speak only English",8521,135
"444","19069","Franklin County, Iowa","Spanish",974,89
"445","19069","Franklin County, Iowa","French, Haitian, or Cajun",0,16
"446","19069","Franklin County, Iowa","German or other West Germanic languages",8,9
"447","19069","Franklin County, Iowa","Russian, Polish, or other Slavic languages",0,16
"448","19069","Franklin County, Iowa","Other Indo-European languages",49,78
"449","19069","Franklin County, Iowa","Korean",0,16
"450","19069","Franklin County, Iowa","Chinese (incl. Mandarin, Cantonese)",0,16
"451","19069","Franklin County, Iowa","Vietnamese",0,16
"452","19069","Franklin County, Iowa","Tagalog (incl. Filipino)",0,16
"453","19069","Franklin County, Iowa","Other Asian and Pacific Island languages",6,12
"454","19069","Franklin County, Iowa","Arabic",0,16
"455","19069","Franklin County, Iowa","Other and unspecified languages",0,16
"456","19071","Fremont County, Iowa","Speak only English",6349,59
"457","19071","Fremont County, Iowa","Spanish",154,43
"458","19071","Fremont County, Iowa","French, Haitian, or Cajun",31,32
"459","19071","Fremont County, Iowa","German or other West Germanic languages",3,5
"460","19071","Fremont County, Iowa","Russian, Polish, or other Slavic languages",3,5
"461","19071","Fremont County, Iowa","Other Indo-European languages",5,6
"462","19071","Fremont County, Iowa","Korean",0,14
"463","19071","Fremont County, Iowa","Chinese (incl. Mandarin, Cantonese)",0,14
"464","19071","Fremont County, Iowa","Vietnamese",0,14
"465","19071","Fremont County, Iowa","Tagalog (incl. Filipino)",0,14
"466","19071","Fremont County, Iowa","Other Asian and Pacific Island languages",5,6
"467","19071","Fremont County, Iowa","Arabic",0,14
"468","19071","Fremont County, Iowa","Other and unspecified languages",2,5
"469","19073","Greene County, Iowa","Speak only English",8097,81
"470","19073","Greene County, Iowa","Spanish",206,49
"471","19073","Greene County, Iowa","French, Haitian, or Cajun",7,10
"472","19073","Greene County, Iowa","German or other West Germanic languages",32,32
"473","19073","Greene County, Iowa","Russian, Polish, or other Slavic languages",0,14
"474","19073","Greene County, Iowa","Other Indo-European languages",0,14
"475","19073","Greene County, Iowa","Korean",0,14
"476","19073","Greene County, Iowa","Chinese (incl. Mandarin, Cantonese)",0,14
"477","19073","Greene County, Iowa","Vietnamese",0,14
"478","19073","Greene County, Iowa","Tagalog (incl. Filipino)",10,14
"479","19073","Greene County, Iowa","Other Asian and Pacific Island languages",36,35
"480","19073","Greene County, Iowa","Arabic",36,35
"481","19073","Greene County, Iowa","Other and unspecified languages",9,15
"482","19075","Grundy County, Iowa","Speak only English",11356,73
"483","19075","Grundy County, Iowa","Spanish",153,63
"484","19075","Grundy County, Iowa","French, Haitian, or Cajun",8,11
"485","19075","Grundy County, Iowa","German or other West Germanic languages",85,29
"486","19075","Grundy County, Iowa","Russian, Polish, or other Slavic languages",1,2
"487","19075","Grundy County, Iowa","Other Indo-European languages",13,13
"488","19075","Grundy County, Iowa","Korean",0,16
"489","19075","Grundy County, Iowa","Chinese (incl. Mandarin, Cantonese)",16,19
"490","19075","Grundy County, Iowa","Vietnamese",0,16
"491","19075","Grundy County, Iowa","Tagalog (incl. Filipino)",0,16
"492","19075","Grundy County, Iowa","Other Asian and Pacific Island languages",4,7
"493","19075","Grundy County, Iowa","Arabic",0,16
"494","19075","Grundy County, Iowa","Other and unspecified languages",0,16
"495","19077","Guthrie County, Iowa","Speak only English",9836,67
"496","19077","Guthrie County, Iowa","Spanish",188,60
"497","19077","Guthrie County, Iowa","French, Haitian, or Cajun",3,4
"498","19077","Guthrie County, Iowa","German or other West Germanic languages",17,13
"499","19077","Guthrie County, Iowa","Russian, Polish, or other Slavic languages",11,15
"500","19077","Guthrie County, Iowa","Other Indo-European languages",0,16
"501","19077","Guthrie County, Iowa","Korean",0,16
"502","19077","Guthrie County, Iowa","Chinese (incl. Mandarin, Cantonese)",3,5
"503","19077","Guthrie County, Iowa","Vietnamese",0,16
"504","19077","Guthrie County, Iowa","Tagalog (incl. Filipino)",2,4
"505","19077","Guthrie County, Iowa","Other Asian and Pacific Island languages",45,36
"506","19077","Guthrie County, Iowa","Arabic",0,16
"507","19077","Guthrie County, Iowa","Other and unspecified languages",0,16
"508","19079","Hamilton County, Iowa","Speak only English",12955,146
"509","19079","Hamilton County, Iowa","Spanish",748,99
"510","19079","Hamilton County, Iowa","French, Haitian, or Cajun",17,23
"511","19079","Hamilton County, Iowa","German or other West Germanic languages",50,47
"512","19079","Hamilton County, Iowa","Russian, Polish, or other Slavic languages",4,5
"513","19079","Hamilton County, Iowa","Other Indo-European languages",4,5
"514","19079","Hamilton County, Iowa","Korean",5,8
"515","19079","Hamilton County, Iowa","Chinese (incl. Mandarin, Cantonese)",7,20
"516","19079","Hamilton County, Iowa","Vietnamese",0,16
"517","19079","Hamilton County, Iowa","Tagalog (incl. Filipino)",1,2
"518","19079","Hamilton County, Iowa","Other Asian and Pacific Island languages",256,88
"519","19079","Hamilton County, Iowa","Arabic",0,16
"520","19079","Hamilton County, Iowa","Other and unspecified languages",32,48
"521","19081","Hancock County, Iowa","Speak only English",9837,92
"522","19081","Hancock County, Iowa","Spanish",303,86
"523","19081","Hancock County, Iowa","French, Haitian, or Cajun",7,13
"524","19081","Hancock County, Iowa","German or other West Germanic languages",31,26
"525","19081","Hancock County, Iowa","Russian, Polish, or other Slavic languages",0,16
"526","19081","Hancock County, Iowa","Other Indo-European languages",5,9
"527","19081","Hancock County, Iowa","Korean",0,16
"528","19081","Hancock County, Iowa","Chinese (incl. Mandarin, Cantonese)",0,16
"529","19081","Hancock County, Iowa","Vietnamese",0,16
"530","19081","Hancock County, Iowa","Tagalog (incl. Filipino)",0,16
"531","19081","Hancock County, Iowa","Other Asian and Pacific Island languages",9,12
"532","19081","Hancock County, Iowa","Arabic",0,16
"533","19081","Hancock County, Iowa","Other and unspecified languages",4,6
"534","19083","Hardin County, Iowa","Speak only English",15604,137
"535","19083","Hardin County, Iowa","Spanish",438,82
"536","19083","Hardin County, Iowa","French, Haitian, or Cajun",23,24
"537","19083","Hardin County, Iowa","German or other West Germanic languages",54,43
"538","19083","Hardin County, Iowa","Russian, Polish, or other Slavic languages",13,18
"539","19083","Hardin County, Iowa","Other Indo-European languages",37,34
"540","19083","Hardin County, Iowa","Korean",0,16
"541","19083","Hardin County, Iowa","Chinese (incl. Mandarin, Cantonese)",0,16
"542","19083","Hardin County, Iowa","Vietnamese",2,6
"543","19083","Hardin County, Iowa","Tagalog (incl. Filipino)",0,16
"544","19083","Hardin County, Iowa","Other Asian and Pacific Island languages",2,4
"545","19083","Hardin County, Iowa","Arabic",39,56
"546","19083","Hardin County, Iowa","Other and unspecified languages",8,11
"547","19085","Harrison County, Iowa","Speak only English",13088,63
"548","19085","Harrison County, Iowa","Spanish",78,33
"549","19085","Harrison County, Iowa","French, Haitian, or Cajun",2,3
"550","19085","Harrison County, Iowa","German or other West Germanic languages",32,23
"551","19085","Harrison County, Iowa","Russian, Polish, or other Slavic languages",3,5
"552","19085","Harrison County, Iowa","Other Indo-European languages",11,11
"553","19085","Harrison County, Iowa","Korean",8,11
"554","19085","Harrison County, Iowa","Chinese (incl. Mandarin, Cantonese)",32,36
"555","19085","Harrison County, Iowa","Vietnamese",6,6
"556","19085","Harrison County, Iowa","Tagalog (incl. Filipino)",5,8
"557","19085","Harrison County, Iowa","Other Asian and Pacific Island languages",0,16
"558","19085","Harrison County, Iowa","Arabic",2,5
"559","19085","Harrison County, Iowa","Other and unspecified languages",0,16
"560","19087","Henry County, Iowa","Speak only English",17738,142
"561","19087","Henry County, Iowa","Spanish",556,107
"562","19087","Henry County, Iowa","French, Haitian, or Cajun",12,17
"563","19087","Henry County, Iowa","German or other West Germanic languages",31,20
"564","19087","Henry County, Iowa","Russian, Polish, or other Slavic languages",0,16
"565","19087","Henry County, Iowa","Other Indo-European languages",42,43
"566","19087","Henry County, Iowa","Korean",7,11
"567","19087","Henry County, Iowa","Chinese (incl. Mandarin, Cantonese)",22,30
"568","19087","Henry County, Iowa","Vietnamese",152,155
"569","19087","Henry County, Iowa","Tagalog (incl. Filipino)",0,16
"570","19087","Henry County, Iowa","Other Asian and Pacific Island languages",207,132
"571","19087","Henry County, Iowa","Arabic",3,5
"572","19087","Henry County, Iowa","Other and unspecified languages",62,57
"573","19089","Howard County, Iowa","Speak only English",8244,130
"574","19089","Howard County, Iowa","Spanish",49,26
"575","19089","Howard County, Iowa","French, Haitian, or Cajun",4,6
"576","19089","Howard County, Iowa","German or other West Germanic languages",203,122
"577","19089","Howard County, Iowa","Russian, Polish, or other Slavic languages",38,24
"578","19089","Howard County, Iowa","Other Indo-European languages",29,36
"579","19089","Howard County, Iowa","Korean",0,14
"580","19089","Howard County, Iowa","Chinese (incl. Mandarin, Cantonese)",0,14
"581","19089","Howard County, Iowa","Vietnamese",0,14
"582","19089","Howard County, Iowa","Tagalog (incl. Filipino)",10,16
"583","19089","Howard County, Iowa","Other Asian and Pacific Island languages",20,27
"584","19089","Howard County, Iowa","Arabic",0,14
"585","19089","Howard County, Iowa","Other and unspecified languages",1,2
"586","19091","Humboldt County, Iowa","Speak only English",8550,44
"587","19091","Humboldt County, Iowa","Spanish",363,45
"588","19091","Humboldt County, Iowa","French, Haitian, or Cajun",1,3
"589","19091","Humboldt County, Iowa","German or other West Germanic languages",29,16
"590","19091","Humboldt County, Iowa","Russian, Polish, or other Slavic languages",13,25
"591","19091","Humboldt County, Iowa","Other Indo-European languages",0,14
"592","19091","Humboldt County, Iowa","Korean",2,3
"593","19091","Humboldt County, Iowa","Chinese (incl. Mandarin, Cantonese)",1,4
"594","19091","Humboldt County, Iowa","Vietnamese",0,14
"595","19091","Humboldt County, Iowa","Tagalog (incl. Filipino)",0,14
"596","19091","Humboldt County, Iowa","Other Asian and Pacific Island languages",20,22
"597","19091","Humboldt County, Iowa","Arabic",0,14
"598","19091","Humboldt County, Iowa","Other and unspecified languages",4,6
"599","19093","Ida County, Iowa","Speak only English",6393,47
"600","19093","Ida County, Iowa","Spanish",78,35
"601","19093","Ida County, Iowa","French, Haitian, or Cajun",0,14
"602","19093","Ida County, Iowa","German or other West Germanic languages",7,9
"603","19093","Ida County, Iowa","Russian, Polish, or other Slavic languages",1,2
"604","19093","Ida County, Iowa","Other Indo-European languages",0,14
"605","19093","Ida County, Iowa","Korean",0,14
"606","19093","Ida County, Iowa","Chinese (incl. Mandarin, Cantonese)",0,14
"607","19093","Ida County, Iowa","Vietnamese",0,14
"608","19093","Ida County, Iowa","Tagalog (incl. Filipino)",19,24
"609","19093","Ida County, Iowa","Other Asian and Pacific Island languages",0,14
"610","19093","Ida County, Iowa","Arabic",0,14
"611","19093","Ida County, Iowa","Other and unspecified languages",10,16
"612","19095","Iowa County, Iowa","Speak only English",14770,160
"613","19095","Iowa County, Iowa","Spanish",217,96
"614","19095","Iowa County, Iowa","French, Haitian, or Cajun",2,4
"615","19095","Iowa County, Iowa","German or other West Germanic languages",175,77
"616","19095","Iowa County, Iowa","Russian, Polish, or other Slavic languages",33,36
"617","19095","Iowa County, Iowa","Other Indo-European languages",0,16
"618","19095","Iowa County, Iowa","Korean",0,16
"619","19095","Iowa County, Iowa","Chinese (incl. Mandarin, Cantonese)",0,16
"620","19095","Iowa County, Iowa","Vietnamese",0,16
"621","19095","Iowa County, Iowa","Tagalog (incl. Filipino)",17,32
"622","19095","Iowa County, Iowa","Other Asian and Pacific Island languages",25,30
"623","19095","Iowa County, Iowa","Arabic",0,16
"624","19095","Iowa County, Iowa","Other and unspecified languages",2,4
"625","19097","Jackson County, Iowa","Speak only English",18008,101
"626","19097","Jackson County, Iowa","Spanish",120,56
"627","19097","Jackson County, Iowa","French, Haitian, or Cajun",0,16
"628","19097","Jackson County, Iowa","German or other West Germanic languages",57,38
"629","19097","Jackson County, Iowa","Russian, Polish, or other Slavic languages",3,5
"630","19097","Jackson County, Iowa","Other Indo-European languages",4,7
"631","19097","Jackson County, Iowa","Korean",0,16
"632","19097","Jackson County, Iowa","Chinese (incl. Mandarin, Cantonese)",0,16
"633","19097","Jackson County, Iowa","Vietnamese",0,16
"634","19097","Jackson County, Iowa","Tagalog (incl. Filipino)",3,6
"635","19097","Jackson County, Iowa","Other Asian and Pacific Island languages",48,81
"636","19097","Jackson County, Iowa","Arabic",0,16
"637","19097","Jackson County, Iowa","Other and unspecified languages",0,16
"638","19099","Jasper County, Iowa","Speak only English",33699,276
"639","19099","Jasper County, Iowa","Spanish",507,164
"640","19099","Jasper County, Iowa","French, Haitian, or Cajun",90,75
"641","19099","Jasper County, Iowa","German or other West Germanic languages",117,74
"642","19099","Jasper County, Iowa","Russian, Polish, or other Slavic languages",36,51
"643","19099","Jasper County, Iowa","Other Indo-European languages",94,117
"644","19099","Jasper County, Iowa","Korean",6,12
"645","19099","Jasper County, Iowa","Chinese (incl. Mandarin, Cantonese)",13,12
"646","19099","Jasper County, Iowa","Vietnamese",24,21
"647","19099","Jasper County, Iowa","Tagalog (incl. Filipino)",6,10
"648","19099","Jasper County, Iowa","Other Asian and Pacific Island languages",82,56
"649","19099","Jasper County, Iowa","Arabic",0,21
"650","19099","Jasper County, Iowa","Other and unspecified languages",132,100
"651","19101","Jefferson County, Iowa","Speak only English",15717,432
"652","19101","Jefferson County, Iowa","Spanish",449,82
"653","19101","Jefferson County, Iowa","French, Haitian, or Cajun",13,13
"654","19101","Jefferson County, Iowa","German or other West Germanic languages",110,96
"655","19101","Jefferson County, Iowa","Russian, Polish, or other Slavic languages",42,59
"656","19101","Jefferson County, Iowa","Other Indo-European languages",528,246
"657","19101","Jefferson County, Iowa","Korean",0,16
"658","19101","Jefferson County, Iowa","Chinese (incl. Mandarin, Cantonese)",212,203
"659","19101","Jefferson County, Iowa","Vietnamese",1,2
"660","19101","Jefferson County, Iowa","Tagalog (incl. Filipino)",54,69
"661","19101","Jefferson County, Iowa","Other Asian and Pacific Island languages",43,29
"662","19101","Jefferson County, Iowa","Arabic",43,36
"663","19101","Jefferson County, Iowa","Other and unspecified languages",137,102
"664","19103","Johnson County, Iowa","Speak only English",118232,1155
"665","19103","Johnson County, Iowa","Spanish",5630,545
"666","19103","Johnson County, Iowa","French, Haitian, or Cajun",1964,604
"667","19103","Johnson County, Iowa","German or other West Germanic languages",1589,516
"668","19103","Johnson County, Iowa","Russian, Polish, or other Slavic languages",759,247
"669","19103","Johnson County, Iowa","Other Indo-European languages",1676,442
"670","19103","Johnson County, Iowa","Korean",933,333
"671","19103","Johnson County, Iowa","Chinese (incl. Mandarin, Cantonese)",3029,503
"672","19103","Johnson County, Iowa","Vietnamese",634,237
"673","19103","Johnson County, Iowa","Tagalog (incl. Filipino)",153,87
"674","19103","Johnson County, Iowa","Other Asian and Pacific Island languages",1445,338
"675","19103","Johnson County, Iowa","Arabic",2263,636
"676","19103","Johnson County, Iowa","Other and unspecified languages",1426,501
"677","19105","Jones County, Iowa","Speak only English",19076,170
"678","19105","Jones County, Iowa","Spanish",254,117
"679","19105","Jones County, Iowa","French, Haitian, or Cajun",11,17
"680","19105","Jones County, Iowa","German or other West Germanic languages",43,28
"681","19105","Jones County, Iowa","Russian, Polish, or other Slavic languages",1,4
"682","19105","Jones County, Iowa","Other Indo-European languages",2,5
"683","19105","Jones County, Iowa","Korean",0,18
"684","19105","Jones County, Iowa","Chinese (incl. Mandarin, Cantonese)",132,139
"685","19105","Jones County, Iowa","Vietnamese",6,12
"686","19105","Jones County, Iowa","Tagalog (incl. Filipino)",0,18
"687","19105","Jones County, Iowa","Other Asian and Pacific Island languages",0,18
"688","19105","Jones County, Iowa","Arabic",0,18
"689","19105","Jones County, Iowa","Other and unspecified languages",0,18
"690","19107","Keokuk County, Iowa","Speak only English",9422,49
"691","19107","Keokuk County, Iowa","Spanish",93,31
"692","19107","Keokuk County, Iowa","French, Haitian, or Cajun",6,6
"693","19107","Keokuk County, Iowa","German or other West Germanic languages",16,14
"694","19107","Keokuk County, Iowa","Russian, Polish, or other Slavic languages",0,16
"695","19107","Keokuk County, Iowa","Other Indo-European languages",13,15
"696","19107","Keokuk County, Iowa","Korean",0,16
"697","19107","Keokuk County, Iowa","Chinese (incl. Mandarin, Cantonese)",0,16
"698","19107","Keokuk County, Iowa","Vietnamese",0,16
"699","19107","Keokuk County, Iowa","Tagalog (incl. Filipino)",18,17
"700","19107","Keokuk County, Iowa","Other Asian and Pacific Island languages",0,16
"701","19107","Keokuk County, Iowa","Arabic",0,16
"702","19107","Keokuk County, Iowa","Other and unspecified languages",2,3
"703","19109","Kossuth County, Iowa","Speak only English",13771,117
"704","19109","Kossuth County, Iowa","Spanish",213,82
"705","19109","Kossuth County, Iowa","French, Haitian, or Cajun",11,17
"706","19109","Kossuth County, Iowa","German or other West Germanic languages",57,38
"707","19109","Kossuth County, Iowa","Russian, Polish, or other Slavic languages",2,3
"708","19109","Kossuth County, Iowa","Other Indo-European languages",1,3
"709","19109","Kossuth County, Iowa","Korean",0,16
"710","19109","Kossuth County, Iowa","Chinese (incl. Mandarin, Cantonese)",5,8
"711","19109","Kossuth County, Iowa","Vietnamese",2,3
"712","19109","Kossuth County, Iowa","Tagalog (incl. Filipino)",3,5
"713","19109","Kossuth County, Iowa","Other Asian and Pacific Island languages",27,26
"714","19109","Kossuth County, Iowa","Arabic",0,16
"715","19109","Kossuth County, Iowa","Other and unspecified languages",9,12
"716","19111","Lee County, Iowa","Speak only English",31391,160
"717","19111","Lee County, Iowa","Spanish",638,160
"718","19111","Lee County, Iowa","French, Haitian, or Cajun",1,2
"719","19111","Lee County, Iowa","German or other West Germanic languages",18,15
"720","19111","Lee County, Iowa","Russian, Polish, or other Slavic languages",10,11
"721","19111","Lee County, Iowa","Other Indo-European languages",41,36
"722","19111","Lee County, Iowa","Korean",33,56
"723","19111","Lee County, Iowa","Chinese (incl. Mandarin, Cantonese)",0,21
"724","19111","Lee County, Iowa","Vietnamese",18,28
"725","19111","Lee County, Iowa","Tagalog (incl. Filipino)",0,21
"726","19111","Lee County, Iowa","Other Asian and Pacific Island languages",3,6
"727","19111","Lee County, Iowa","Arabic",0,21
"728","19111","Lee County, Iowa","Other and unspecified languages",23,23
"729","19113","Linn County, Iowa","Speak only English",197517,1125
"730","19113","Linn County, Iowa","Spanish",4030,515
"731","19113","Linn County, Iowa","French, Haitian, or Cajun",1070,366
"732","19113","Linn County, Iowa","German or other West Germanic languages",466,140
"733","19113","Linn County, Iowa","Russian, Polish, or other Slavic languages",265,125
"734","19113","Linn County, Iowa","Other Indo-European languages",1778,477
"735","19113","Linn County, Iowa","Korean",214,199
"736","19113","Linn County, Iowa","Chinese (incl. Mandarin, Cantonese)",694,289
"737","19113","Linn County, Iowa","Vietnamese",472,218
"738","19113","Linn County, Iowa","Tagalog (incl. Filipino)",104,81
"739","19113","Linn County, Iowa","Other Asian and Pacific Island languages",1063,292
"740","19113","Linn County, Iowa","Arabic",1155,749
"741","19113","Linn County, Iowa","Other and unspecified languages",923,336
"742","19115","Louisa County, Iowa","Speak only English",8666,134
"743","19115","Louisa County, Iowa","Spanish",1479,90
"744","19115","Louisa County, Iowa","French, Haitian, or Cajun",9,8
"745","19115","Louisa County, Iowa","German or other West Germanic languages",11,14
"746","19115","Louisa County, Iowa","Russian, Polish, or other Slavic languages",0,16
"747","19115","Louisa County, Iowa","Other Indo-European languages",38,42
"748","19115","Louisa County, Iowa","Korean",0,16
"749","19115","Louisa County, Iowa","Chinese (incl. Mandarin, Cantonese)",81,104
"750","19115","Louisa County, Iowa","Vietnamese",0,16
"751","19115","Louisa County, Iowa","Tagalog (incl. Filipino)",0,16
"752","19115","Louisa County, Iowa","Other Asian and Pacific Island languages",234,105
"753","19115","Louisa County, Iowa","Arabic",25,35
"754","19115","Louisa County, Iowa","Other and unspecified languages",2,3
"755","19117","Lucas County, Iowa","Speak only English",7657,136
"756","19117","Lucas County, Iowa","Spanish",134,52
"757","19117","Lucas County, Iowa","French, Haitian, or Cajun",0,14
"758","19117","Lucas County, Iowa","German or other West Germanic languages",76,66
"759","19117","Lucas County, Iowa","Russian, Polish, or other Slavic languages",209,109
"760","19117","Lucas County, Iowa","Other Indo-European languages",0,14
"761","19117","Lucas County, Iowa","Korean",0,14
"762","19117","Lucas County, Iowa","Chinese (incl. Mandarin, Cantonese)",0,14
"763","19117","Lucas County, Iowa","Vietnamese",0,14
"764","19117","Lucas County, Iowa","Tagalog (incl. Filipino)",0,14
"765","19117","Lucas County, Iowa","Other Asian and Pacific Island languages",0,14
"766","19117","Lucas County, Iowa","Arabic",0,14
"767","19117","Lucas County, Iowa","Other and unspecified languages",0,14
"768","19119","Lyon County, Iowa","Speak only English",10556,58
"769","19119","Lyon County, Iowa","Spanish",236,39
"770","19119","Lyon County, Iowa","French, Haitian, or Cajun",3,4
"771","19119","Lyon County, Iowa","German or other West Germanic languages",76,32
"772","19119","Lyon County, Iowa","Russian, Polish, or other Slavic languages",4,7
"773","19119","Lyon County, Iowa","Other Indo-European languages",6,8
"774","19119","Lyon County, Iowa","Korean",0,16
"775","19119","Lyon County, Iowa","Chinese (incl. Mandarin, Cantonese)",0,16
"776","19119","Lyon County, Iowa","Vietnamese",0,16
"777","19119","Lyon County, Iowa","Tagalog (incl. Filipino)",0,16
"778","19119","Lyon County, Iowa","Other Asian and Pacific Island languages",26,29
"779","19119","Lyon County, Iowa","Arabic",0,16
"780","19119","Lyon County, Iowa","Other and unspecified languages",0,16
"781","19121","Madison County, Iowa","Speak only English",14617,202
"782","19121","Madison County, Iowa","Spanish",190,137
"783","19121","Madison County, Iowa","French, Haitian, or Cajun",0,16
"784","19121","Madison County, Iowa","German or other West Germanic languages",26,21
"785","19121","Madison County, Iowa","Russian, Polish, or other Slavic languages",116,152
"786","19121","Madison County, Iowa","Other Indo-European languages",14,28
"787","19121","Madison County, Iowa","Korean",0,16
"788","19121","Madison County, Iowa","Chinese (incl. Mandarin, Cantonese)",0,16
"789","19121","Madison County, Iowa","Vietnamese",26,48
"790","19121","Madison County, Iowa","Tagalog (incl. Filipino)",17,33
"791","19121","Madison County, Iowa","Other Asian and Pacific Island languages",88,84
"792","19121","Madison County, Iowa","Arabic",0,16
"793","19121","Madison County, Iowa","Other and unspecified languages",0,16
"794","19123","Mahaska County, Iowa","Speak only English",20150,158
"795","19123","Mahaska County, Iowa","Spanish",157,85
"796","19123","Mahaska County, Iowa","French, Haitian, or Cajun",18,20
"797","19123","Mahaska County, Iowa","German or other West Germanic languages",40,28
"798","19123","Mahaska County, Iowa","Russian, Polish, or other Slavic languages",6,9
"799","19123","Mahaska County, Iowa","Other Indo-European languages",15,18
"800","19123","Mahaska County, Iowa","Korean",0,18
"801","19123","Mahaska County, Iowa","Chinese (incl. Mandarin, Cantonese)",6,11
"802","19123","Mahaska County, Iowa","Vietnamese",0,18
"803","19123","Mahaska County, Iowa","Tagalog (incl. Filipino)",37,36
"804","19123","Mahaska County, Iowa","Other Asian and Pacific Island languages",258,91
"805","19123","Mahaska County, Iowa","Arabic",0,18
"806","19123","Mahaska County, Iowa","Other and unspecified languages",6,11
"807","19125","Marion County, Iowa","Speak only English",30374,168
"808","19125","Marion County, Iowa","Spanish",448,96
"809","19125","Marion County, Iowa","French, Haitian, or Cajun",52,51
"810","19125","Marion County, Iowa","German or other West Germanic languages",130,75
"811","19125","Marion County, Iowa","Russian, Polish, or other Slavic languages",34,44
"812","19125","Marion County, Iowa","Other Indo-European languages",28,28
"813","19125","Marion County, Iowa","Korean",41,53
"814","19125","Marion County, Iowa","Chinese (incl. Mandarin, Cantonese)",18,23
"815","19125","Marion County, Iowa","Vietnamese",0,21
"816","19125","Marion County, Iowa","Tagalog (incl. Filipino)",64,56
"817","19125","Marion County, Iowa","Other Asian and Pacific Island languages",90,65
"818","19125","Marion County, Iowa","Arabic",4,7
"819","19125","Marion County, Iowa","Other and unspecified languages",20,25
"820","19127","Marshall County, Iowa","Speak only English",28858,339
"821","19127","Marshall County, Iowa","Spanish",6964,272
"822","19127","Marshall County, Iowa","French, Haitian, or Cajun",79,62
"823","19127","Marshall County, Iowa","German or other West Germanic languages",33,24
"824","19127","Marshall County, Iowa","Russian, Polish, or other Slavic languages",46,42
"825","19127","Marshall County, Iowa","Other Indo-European languages",7,11
"826","19127","Marshall County, Iowa","Korean",5,6
"827","19127","Marshall County, Iowa","Chinese (incl. Mandarin, Cantonese)",324,274
"828","19127","Marshall County, Iowa","Vietnamese",0,21
"829","19127","Marshall County, Iowa","Tagalog (incl. Filipino)",9,16
"830","19127","Marshall County, Iowa","Other Asian and Pacific Island languages",845,272
"831","19127","Marshall County, Iowa","Arabic",115,97
"832","19127","Marshall County, Iowa","Other and unspecified languages",20,28
"833","19129","Mills County, Iowa","Speak only English",13823,103
"834","19129","Mills County, Iowa","Spanish",228,72
"835","19129","Mills County, Iowa","French, Haitian, or Cajun",21,24
"836","19129","Mills County, Iowa","German or other West Germanic languages",74,45
"837","19129","Mills County, Iowa","Russian, Polish, or other Slavic languages",15,20
"838","19129","Mills County, Iowa","Other Indo-European languages",6,9
"839","19129","Mills County, Iowa","Korean",0,16
"840","19129","Mills County, Iowa","Chinese (incl. Mandarin, Cantonese)",5,8
"841","19129","Mills County, Iowa","Vietnamese",7,10
"842","19129","Mills County, Iowa","Tagalog (incl. Filipino)",14,18
"843","19129","Mills County, Iowa","Other Asian and Pacific Island languages",19,23
"844","19129","Mills County, Iowa","Arabic",0,16
"845","19129","Mills County, Iowa","Other and unspecified languages",4,5
"846","19131","Mitchell County, Iowa","Speak only English",9420,190
"847","19131","Mitchell County, Iowa","Spanish",143,58
"848","19131","Mitchell County, Iowa","French, Haitian, or Cajun",23,32
"849","19131","Mitchell County, Iowa","German or other West Germanic languages",376,158
"850","19131","Mitchell County, Iowa","Russian, Polish, or other Slavic languages",0,16
"851","19131","Mitchell County, Iowa","Other Indo-European languages",0,16
"852","19131","Mitchell County, Iowa","Korean",19,29
"853","19131","Mitchell County, Iowa","Chinese (incl. Mandarin, Cantonese)",13,18
"854","19131","Mitchell County, Iowa","Vietnamese",0,16
"855","19131","Mitchell County, Iowa","Tagalog (incl. Filipino)",0,16
"856","19131","Mitchell County, Iowa","Other Asian and Pacific Island languages",7,10
"857","19131","Mitchell County, Iowa","Arabic",0,16
"858","19131","Mitchell County, Iowa","Other and unspecified languages",0,16
"859","19133","Monona County, Iowa","Speak only English",8207,38
"860","19133","Monona County, Iowa","Spanish",38,26
"861","19133","Monona County, Iowa","French, Haitian, or Cajun",0,14
"862","19133","Monona County, Iowa","German or other West Germanic languages",18,16
"863","19133","Monona County, Iowa","Russian, Polish, or other Slavic languages",0,14
"864","19133","Monona County, Iowa","Other Indo-European languages",0,14
"865","19133","Monona County, Iowa","Korean",0,14
"866","19133","Monona County, Iowa","Chinese (incl. Mandarin, Cantonese)",0,14
"867","19133","Monona County, Iowa","Vietnamese",0,14
"868","19133","Monona County, Iowa","Tagalog (incl. Filipino)",0,14
"869","19133","Monona County, Iowa","Other Asian and Pacific Island languages",0,14
"870","19133","Monona County, Iowa","Arabic",0,14
"871","19133","Monona County, Iowa","Other and unspecified languages",16,20
"872","19135","Monroe County, Iowa","Speak only English",7168,136
"873","19135","Monroe County, Iowa","Spanish",10,9
"874","19135","Monroe County, Iowa","French, Haitian, or Cajun",17,25
"875","19135","Monroe County, Iowa","German or other West Germanic languages",174,130
"876","19135","Monroe County, Iowa","Russian, Polish, or other Slavic languages",0,14
"877","19135","Monroe County, Iowa","Other Indo-European languages",0,14
"878","19135","Monroe County, Iowa","Korean",0,14
"879","19135","Monroe County, Iowa","Chinese (incl. Mandarin, Cantonese)",0,14
"880","19135","Monroe County, Iowa","Vietnamese",0,14
"881","19135","Monroe County, Iowa","Tagalog (incl. Filipino)",0,14
"882","19135","Monroe County, Iowa","Other Asian and Pacific Island languages",0,14
"883","19135","Monroe County, Iowa","Arabic",0,14
"884","19135","Monroe County, Iowa","Other and unspecified languages",0,14
"885","19137","Montgomery County, Iowa","Speak only English",9103,135
"886","19137","Montgomery County, Iowa","Spanish",299,125
"887","19137","Montgomery County, Iowa","French, Haitian, or Cajun",14,16
"888","19137","Montgomery County, Iowa","German or other West Germanic languages",22,16
"889","19137","Montgomery County, Iowa","Russian, Polish, or other Slavic languages",8,13
"890","19137","Montgomery County, Iowa","Other Indo-European languages",0,16
"891","19137","Montgomery County, Iowa","Korean",0,16
"892","19137","Montgomery County, Iowa","Chinese (incl. Mandarin, Cantonese)",0,16
"893","19137","Montgomery County, Iowa","Vietnamese",0,16
"894","19137","Montgomery County, Iowa","Tagalog (incl. Filipino)",0,16
"895","19137","Montgomery County, Iowa","Other Asian and Pacific Island languages",0,16
"896","19137","Montgomery County, Iowa","Arabic",3,8
"897","19137","Montgomery County, Iowa","Other and unspecified languages",0,16
"898","19139","Muscatine County, Iowa","Speak only English",34708,470
"899","19139","Muscatine County, Iowa","Spanish",4654,437
"900","19139","Muscatine County, Iowa","French, Haitian, or Cajun",132,147
"901","19139","Muscatine County, Iowa","German or other West Germanic languages",90,42
"902","19139","Muscatine County, Iowa","Russian, Polish, or other Slavic languages",83,101
"903","19139","Muscatine County, Iowa","Other Indo-European languages",38,40
"904","19139","Muscatine County, Iowa","Korean",32,40
"905","19139","Muscatine County, Iowa","Chinese (incl. Mandarin, Cantonese)",59,60
"906","19139","Muscatine County, Iowa","Vietnamese",4,7
"907","19139","Muscatine County, Iowa","Tagalog (incl. Filipino)",40,28
"908","19139","Muscatine County, Iowa","Other Asian and Pacific Island languages",113,68
"909","19139","Muscatine County, Iowa","Arabic",119,76
"910","19139","Muscatine County, Iowa","Other and unspecified languages",87,94
"911","19141","O'Brien County, Iowa","Speak only English",12284,64
"912","19141","O'Brien County, Iowa","Spanish",514,60
"913","19141","O'Brien County, Iowa","French, Haitian, or Cajun",11,16
"914","19141","O'Brien County, Iowa","German or other West Germanic languages",37,24
"915","19141","O'Brien County, Iowa","Russian, Polish, or other Slavic languages",7,7
"916","19141","O'Brien County, Iowa","Other Indo-European languages",0,16
"917","19141","O'Brien County, Iowa","Korean",0,16
"918","19141","O'Brien County, Iowa","Chinese (incl. Mandarin, Cantonese)",1,2
"919","19141","O'Brien County, Iowa","Vietnamese",0,16
"920","19141","O'Brien County, Iowa","Tagalog (incl. Filipino)",9,11
"921","19141","O'Brien County, Iowa","Other Asian and Pacific Island languages",87,54
"922","19141","O'Brien County, Iowa","Arabic",0,16
"923","19141","O'Brien County, Iowa","Other and unspecified languages",20,22
"924","19143","Osceola County, Iowa","Speak only English",5238,50
"925","19143","Osceola County, Iowa","Spanish",414,47
"926","19143","Osceola County, Iowa","French, Haitian, or Cajun",4,8
"927","19143","Osceola County, Iowa","German or other West Germanic languages",26,20
"928","19143","Osceola County, Iowa","Russian, Polish, or other Slavic languages",0,14
"929","19143","Osceola County, Iowa","Other Indo-European languages",5,7
"930","19143","Osceola County, Iowa","Korean",0,14
"931","19143","Osceola County, Iowa","Chinese (incl. Mandarin, Cantonese)",1,3
"932","19143","Osceola County, Iowa","Vietnamese",0,14
"933","19143","Osceola County, Iowa","Tagalog (incl. Filipino)",0,14
"934","19143","Osceola County, Iowa","Other Asian and Pacific Island languages",3,5
"935","19143","Osceola County, Iowa","Arabic",0,14
"936","19143","Osceola County, Iowa","Other and unspecified languages",0,14
"937","19145","Page County, Iowa","Speak only English",14085,144
"938","19145","Page County, Iowa","Spanish",245,117
"939","19145","Page County, Iowa","French, Haitian, or Cajun",0,16
"940","19145","Page County, Iowa","German or other West Germanic languages",9,10
"941","19145","Page County, Iowa","Russian, Polish, or other Slavic languages",7,12
"942","19145","Page County, Iowa","Other Indo-European languages",2,3
"943","19145","Page County, Iowa","Korean",0,16
"944","19145","Page County, Iowa","Chinese (incl. Mandarin, Cantonese)",0,16
"945","19145","Page County, Iowa","Vietnamese",0,16
"946","19145","Page County, Iowa","Tagalog (incl. Filipino)",14,23
"947","19145","Page County, Iowa","Other Asian and Pacific Island languages",78,42
"948","19145","Page County, Iowa","Arabic",6,10
"949","19145","Page County, Iowa","Other and unspecified languages",39,35
"950","19147","Palo Alto County, Iowa","Speak only English",8074,118
"951","19147","Palo Alto County, Iowa","Spanish",177,69
"952","19147","Palo Alto County, Iowa","French, Haitian, or Cajun",96,66
"953","19147","Palo Alto County, Iowa","German or other West Germanic languages",10,16
"954","19147","Palo Alto County, Iowa","Russian, Polish, or other Slavic languages",5,7
"955","19147","Palo Alto County, Iowa","Other Indo-European languages",2,3
"956","19147","Palo Alto County, Iowa","Korean",0,14
"957","19147","Palo Alto County, Iowa","Chinese (incl. Mandarin, Cantonese)",0,14
"958","19147","Palo Alto County, Iowa","Vietnamese",7,17
"959","19147","Palo Alto County, Iowa","Tagalog (incl. Filipino)",7,12
"960","19147","Palo Alto County, Iowa","Other Asian and Pacific Island languages",0,14
"961","19147","Palo Alto County, Iowa","Arabic",10,17
"962","19147","Palo Alto County, Iowa","Other and unspecified languages",9,17
"963","19149","Plymouth County, Iowa","Speak only English",22246,135
"964","19149","Plymouth County, Iowa","Spanish",981,107
"965","19149","Plymouth County, Iowa","French, Haitian, or Cajun",26,37
"966","19149","Plymouth County, Iowa","German or other West Germanic languages",122,67
"967","19149","Plymouth County, Iowa","Russian, Polish, or other Slavic languages",20,21
"968","19149","Plymouth County, Iowa","Other Indo-European languages",4,7
"969","19149","Plymouth County, Iowa","Korean",5,7
"970","19149","Plymouth County, Iowa","Chinese (incl. Mandarin, Cantonese)",27,35
"971","19149","Plymouth County, Iowa","Vietnamese",14,24
"972","19149","Plymouth County, Iowa","Tagalog (incl. Filipino)",8,9
"973","19149","Plymouth County, Iowa","Other Asian and Pacific Island languages",47,41
"974","19149","Plymouth County, Iowa","Arabic",0,18
"975","19149","Plymouth County, Iowa","Other and unspecified languages",19,23
"976","19151","Pocahontas County, Iowa","Speak only English",6080,67
"977","19151","Pocahontas County, Iowa","Spanish",200,33
"978","19151","Pocahontas County, Iowa","French, Haitian, or Cajun",16,15
"979","19151","Pocahontas County, Iowa","German or other West Germanic languages",21,24
"980","19151","Pocahontas County, Iowa","Russian, Polish, or other Slavic languages",1,5
"981","19151","Pocahontas County, Iowa","Other Indo-European languages",3,4
"982","19151","Pocahontas County, Iowa","Korean",0,14
"983","19151","Pocahontas County, Iowa","Chinese (incl. Mandarin, Cantonese)",49,67
"984","19151","Pocahontas County, Iowa","Vietnamese",0,14
"985","19151","Pocahontas County, Iowa","Tagalog (incl. Filipino)",11,15
"986","19151","Pocahontas County, Iowa","Other Asian and Pacific Island languages",53,54
"987","19151","Pocahontas County, Iowa","Arabic",0,14
"988","19151","Pocahontas County, Iowa","Other and unspecified languages",2,4
"989","19153","Polk County, Iowa","Speak only English",386168,2191
"990","19153","Polk County, Iowa","Spanish",25477,1216
"991","19153","Polk County, Iowa","French, Haitian, or Cajun",1374,569
"992","19153","Polk County, Iowa","German or other West Germanic languages",1015,256
"993","19153","Polk County, Iowa","Russian, Polish, or other Slavic languages",5835,1090
"994","19153","Polk County, Iowa","Other Indo-European languages",3972,674
"995","19153","Polk County, Iowa","Korean",269,133
"996","19153","Polk County, Iowa","Chinese (incl. Mandarin, Cantonese)",1273,481
"997","19153","Polk County, Iowa","Vietnamese",4030,826
"998","19153","Polk County, Iowa","Tagalog (incl. Filipino)",696,216
"999","19153","Polk County, Iowa","Other Asian and Pacific Island languages",7480,998
"1000","19153","Polk County, Iowa","Arabic",2920,834
"1001","19153","Polk County, Iowa","Other and unspecified languages",4854,783
"1002","19155","Pottawattamie County, Iowa","Speak only English",81782,477
"1003","19155","Pottawattamie County, Iowa","Spanish",4727,422
"1004","19155","Pottawattamie County, Iowa","French, Haitian, or Cajun",130,79
"1005","19155","Pottawattamie County, Iowa","German or other West Germanic languages",136,80
"1006","19155","Pottawattamie County, Iowa","Russian, Polish, or other Slavic languages",41,39
"1007","19155","Pottawattamie County, Iowa","Other Indo-European languages",117,76
"1008","19155","Pottawattamie County, Iowa","Korean",0,23
"1009","19155","Pottawattamie County, Iowa","Chinese (incl. Mandarin, Cantonese)",98,82
"1010","19155","Pottawattamie County, Iowa","Vietnamese",304,237
"1011","19155","Pottawattamie County, Iowa","Tagalog (incl. Filipino)",188,111
"1012","19155","Pottawattamie County, Iowa","Other Asian and Pacific Island languages",112,84
"1013","19155","Pottawattamie County, Iowa","Arabic",37,39
"1014","19155","Pottawattamie County, Iowa","Other and unspecified languages",44,41
"1015","19157","Poweshiek County, Iowa","Speak only English",16631,141
"1016","19157","Poweshiek County, Iowa","Spanish",441,113
"1017","19157","Poweshiek County, Iowa","French, Haitian, or Cajun",34,31
"1018","19157","Poweshiek County, Iowa","German or other West Germanic languages",41,30
"1019","19157","Poweshiek County, Iowa","Russian, Polish, or other Slavic languages",31,26
"1020","19157","Poweshiek County, Iowa","Other Indo-European languages",55,38
"1021","19157","Poweshiek County, Iowa","Korean",23,25
"1022","19157","Poweshiek County, Iowa","Chinese (incl. Mandarin, Cantonese)",109,51
"1023","19157","Poweshiek County, Iowa","Vietnamese",0,16
"1024","19157","Poweshiek County, Iowa","Tagalog (incl. Filipino)",0,16
"1025","19157","Poweshiek County, Iowa","Other Asian and Pacific Island languages",82,49
"1026","19157","Poweshiek County, Iowa","Arabic",13,13
"1027","19157","Poweshiek County, Iowa","Other and unspecified languages",29,28
"1028","19159","Ringgold County, Iowa","Speak only English",4497,56
"1029","19159","Ringgold County, Iowa","Spanish",86,46
"1030","19159","Ringgold County, Iowa","French, Haitian, or Cajun",0,10
"1031","19159","Ringgold County, Iowa","German or other West Germanic languages",42,31
"1032","19159","Ringgold County, Iowa","Russian, Polish, or other Slavic languages",0,10
"1033","19159","Ringgold County, Iowa","Other Indo-European languages",0,10
"1034","19159","Ringgold County, Iowa","Korean",0,10
"1035","19159","Ringgold County, Iowa","Chinese (incl. Mandarin, Cantonese)",0,10
"1036","19159","Ringgold County, Iowa","Vietnamese",0,10
"1037","19159","Ringgold County, Iowa","Tagalog (incl. Filipino)",42,38
"1038","19159","Ringgold County, Iowa","Other Asian and Pacific Island languages",0,10
"1039","19159","Ringgold County, Iowa","Arabic",1,3
"1040","19159","Ringgold County, Iowa","Other and unspecified languages",0,10
"1041","19161","Sac County, Iowa","Speak only English",8923,84
"1042","19161","Sac County, Iowa","Spanish",206,50
"1043","19161","Sac County, Iowa","French, Haitian, or Cajun",8,9
"1044","19161","Sac County, Iowa","German or other West Germanic languages",75,70
"1045","19161","Sac County, Iowa","Russian, Polish, or other Slavic languages",0,14
"1046","19161","Sac County, Iowa","Other Indo-European languages",10,15
"1047","19161","Sac County, Iowa","Korean",0,14
"1048","19161","Sac County, Iowa","Chinese (incl. Mandarin, Cantonese)",0,14
"1049","19161","Sac County, Iowa","Vietnamese",0,14
"1050","19161","Sac County, Iowa","Tagalog (incl. Filipino)",0,14
"1051","19161","Sac County, Iowa","Other Asian and Pacific Island languages",0,14
"1052","19161","Sac County, Iowa","Arabic",0,14
"1053","19161","Sac County, Iowa","Other and unspecified languages",0,14
"1054","19163","Scott County, Iowa","Speak only English",150716,834
"1055","19163","Scott County, Iowa","Spanish",5120,545
"1056","19163","Scott County, Iowa","French, Haitian, or Cajun",696,417
"1057","19163","Scott County, Iowa","German or other West Germanic languages",438,146
"1058","19163","Scott County, Iowa","Russian, Polish, or other Slavic languages",255,250
"1059","19163","Scott County, Iowa","Other Indo-European languages",1037,329
"1060","19163","Scott County, Iowa","Korean",217,122
"1061","19163","Scott County, Iowa","Chinese (incl. Mandarin, Cantonese)",333,188
"1062","19163","Scott County, Iowa","Vietnamese",900,290
"1063","19163","Scott County, Iowa","Tagalog (incl. Filipino)",176,155
"1064","19163","Scott County, Iowa","Other Asian and Pacific Island languages",914,299
"1065","19163","Scott County, Iowa","Arabic",274,169
"1066","19163","Scott County, Iowa","Other and unspecified languages",275,133
"1067","19165","Shelby County, Iowa","Speak only English",10700,107
"1068","19165","Shelby County, Iowa","Spanish",269,88
"1069","19165","Shelby County, Iowa","French, Haitian, or Cajun",9,13
"1070","19165","Shelby County, Iowa","German or other West Germanic languages",0,16
"1071","19165","Shelby County, Iowa","Russian, Polish, or other Slavic languages",20,25
"1072","19165","Shelby County, Iowa","Other Indo-European languages",3,4
"1073","19165","Shelby County, Iowa","Korean",0,16
"1074","19165","Shelby County, Iowa","Chinese (incl. Mandarin, Cantonese)",20,37
"1075","19165","Shelby County, Iowa","Vietnamese",0,16
"1076","19165","Shelby County, Iowa","Tagalog (incl. Filipino)",0,16
"1077","19165","Shelby County, Iowa","Other Asian and Pacific Island languages",0,16
"1078","19165","Shelby County, Iowa","Arabic",0,16
"1079","19165","Shelby County, Iowa","Other and unspecified languages",0,16
"1080","19167","Sioux County, Iowa","Speak only English",29349,296
"1081","19167","Sioux County, Iowa","Spanish",2593,245
"1082","19167","Sioux County, Iowa","French, Haitian, or Cajun",14,17
"1083","19167","Sioux County, Iowa","German or other West Germanic languages",110,60
"1084","19167","Sioux County, Iowa","Russian, Polish, or other Slavic languages",2,4
"1085","19167","Sioux County, Iowa","Other Indo-European languages",18,19
"1086","19167","Sioux County, Iowa","Korean",0,21
"1087","19167","Sioux County, Iowa","Chinese (incl. Mandarin, Cantonese)",19,19
"1088","19167","Sioux County, Iowa","Vietnamese",15,18
"1089","19167","Sioux County, Iowa","Tagalog (incl. Filipino)",0,21
"1090","19167","Sioux County, Iowa","Other Asian and Pacific Island languages",120,86
"1091","19167","Sioux County, Iowa","Arabic",0,21
"1092","19167","Sioux County, Iowa","Other and unspecified languages",30,52
"1093","19169","Story County, Iowa","Speak only English",82399,536
"1094","19169","Story County, Iowa","Spanish",1803,241
"1095","19169","Story County, Iowa","French, Haitian, or Cajun",138,72
"1096","19169","Story County, Iowa","German or other West Germanic languages",414,219
"1097","19169","Story County, Iowa","Russian, Polish, or other Slavic languages",203,119
"1098","19169","Story County, Iowa","Other Indo-European languages",1304,446
"1099","19169","Story County, Iowa","Korean",669,453
"1100","19169","Story County, Iowa","Chinese (incl. Mandarin, Cantonese)",4036,679
"1101","19169","Story County, Iowa","Vietnamese",181,141
"1102","19169","Story County, Iowa","Tagalog (incl. Filipino)",161,129
"1103","19169","Story County, Iowa","Other Asian and Pacific Island languages",766,301
"1104","19169","Story County, Iowa","Arabic",247,160
"1105","19169","Story County, Iowa","Other and unspecified languages",170,135
"1106","19171","Tama County, Iowa","Speak only English",14037,156
"1107","19171","Tama County, Iowa","Spanish",1176,105
"1108","19171","Tama County, Iowa","French, Haitian, or Cajun",34,30
"1109","19171","Tama County, Iowa","German or other West Germanic languages",57,49
"1110","19171","Tama County, Iowa","Russian, Polish, or other Slavic languages",23,18
"1111","19171","Tama County, Iowa","Other Indo-European languages",1,4
"1112","19171","Tama County, Iowa","Korean",0,16
"1113","19171","Tama County, Iowa","Chinese (incl. Mandarin, Cantonese)",3,6
"1114","19171","Tama County, Iowa","Vietnamese",0,16
"1115","19171","Tama County, Iowa","Tagalog (incl. Filipino)",0,16
"1116","19171","Tama County, Iowa","Other Asian and Pacific Island languages",1,2
"1117","19171","Tama County, Iowa","Arabic",0,16
"1118","19171","Tama County, Iowa","Other and unspecified languages",614,87
"1119","19173","Taylor County, Iowa","Speak only English",5409,50
"1120","19173","Taylor County, Iowa","Spanish",391,50
"1121","19173","Taylor County, Iowa","French, Haitian, or Cajun",4,5
"1122","19173","Taylor County, Iowa","German or other West Germanic languages",4,5
"1123","19173","Taylor County, Iowa","Russian, Polish, or other Slavic languages",0,14
"1124","19173","Taylor County, Iowa","Other Indo-European languages",0,14
"1125","19173","Taylor County, Iowa","Korean",0,14
"1126","19173","Taylor County, Iowa","Chinese (incl. Mandarin, Cantonese)",0,14
"1127","19173","Taylor County, Iowa","Vietnamese",0,14
"1128","19173","Taylor County, Iowa","Tagalog (incl. Filipino)",17,16
"1129","19173","Taylor County, Iowa","Other Asian and Pacific Island languages",0,14
"1130","19173","Taylor County, Iowa","Arabic",0,14
"1131","19173","Taylor County, Iowa","Other and unspecified languages",0,14
"1132","19175","Union County, Iowa","Speak only English",11052,128
"1133","19175","Union County, Iowa","Spanish",193,67
"1134","19175","Union County, Iowa","French, Haitian, or Cajun",1,2
"1135","19175","Union County, Iowa","German or other West Germanic languages",182,80
"1136","19175","Union County, Iowa","Russian, Polish, or other Slavic languages",12,18
"1137","19175","Union County, Iowa","Other Indo-European languages",18,30
"1138","19175","Union County, Iowa","Korean",0,16
"1139","19175","Union County, Iowa","Chinese (incl. Mandarin, Cantonese)",155,125
"1140","19175","Union County, Iowa","Vietnamese",0,16
"1141","19175","Union County, Iowa","Tagalog (incl. Filipino)",2,5
"1142","19175","Union County, Iowa","Other Asian and Pacific Island languages",16,25
"1143","19175","Union County, Iowa","Arabic",0,16
"1144","19175","Union County, Iowa","Other and unspecified languages",37,46
"1145","19177","Van Buren County, Iowa","Speak only English",6300,148
"1146","19177","Van Buren County, Iowa","Spanish",52,28
"1147","19177","Van Buren County, Iowa","French, Haitian, or Cajun",8,10
"1148","19177","Van Buren County, Iowa","German or other West Germanic languages",372,147
"1149","19177","Van Buren County, Iowa","Russian, Polish, or other Slavic languages",0,14
"1150","19177","Van Buren County, Iowa","Other Indo-European languages",0,14
"1151","19177","Van Buren County, Iowa","Korean",0,14
"1152","19177","Van Buren County, Iowa","Chinese (incl. Mandarin, Cantonese)",0,14
"1153","19177","Van Buren County, Iowa","Vietnamese",0,14
"1154","19177","Van Buren County, Iowa","Tagalog (incl. Filipino)",2,3
"1155","19177","Van Buren County, Iowa","Other Asian and Pacific Island languages",0,14
"1156","19177","Van Buren County, Iowa","Arabic",0,14
"1157","19177","Van Buren County, Iowa","Other and unspecified languages",0,14
"1158","19179","Wapello County, Iowa","Speak only English",28995,275
"1159","19179","Wapello County, Iowa","Spanish",2875,222
"1160","19179","Wapello County, Iowa","French, Haitian, or Cajun",71,95
"1161","19179","Wapello County, Iowa","German or other West Germanic languages",104,56
"1162","19179","Wapello County, Iowa","Russian, Polish, or other Slavic languages",42,36
"1163","19179","Wapello County, Iowa","Other Indo-European languages",119,66
"1164","19179","Wapello County, Iowa","Korean",0,21
"1165","19179","Wapello County, Iowa","Chinese (incl. Mandarin, Cantonese)",12,19
"1166","19179","Wapello County, Iowa","Vietnamese",0,21
"1167","19179","Wapello County, Iowa","Tagalog (incl. Filipino)",36,29
"1168","19179","Wapello County, Iowa","Other Asian and Pacific Island languages",300,119
"1169","19179","Wapello County, Iowa","Arabic",73,104
"1170","19179","Wapello County, Iowa","Other and unspecified languages",279,167
"1171","19181","Warren County, Iowa","Speak only English",45936,288
"1172","19181","Warren County, Iowa","Spanish",632,196
"1173","19181","Warren County, Iowa","French, Haitian, or Cajun",6,10
"1174","19181","Warren County, Iowa","German or other West Germanic languages",56,44
"1175","19181","Warren County, Iowa","Russian, Polish, or other Slavic languages",189,131
"1176","19181","Warren County, Iowa","Other Indo-European languages",167,121
"1177","19181","Warren County, Iowa","Korean",0,23
"1178","19181","Warren County, Iowa","Chinese (incl. Mandarin, Cantonese)",27,26
"1179","19181","Warren County, Iowa","Vietnamese",8,12
"1180","19181","Warren County, Iowa","Tagalog (incl. Filipino)",8,12
"1181","19181","Warren County, Iowa","Other Asian and Pacific Island languages",43,38
"1182","19181","Warren County, Iowa","Arabic",0,23
"1183","19181","Warren County, Iowa","Other and unspecified languages",0,23
"1184","19183","Washington County, Iowa","Speak only English",18803,316
"1185","19183","Washington County, Iowa","Spanish",920,89
"1186","19183","Washington County, Iowa","French, Haitian, or Cajun",12,14
"1187","19183","Washington County, Iowa","German or other West Germanic languages",665,288
"1188","19183","Washington County, Iowa","Russian, Polish, or other Slavic languages",39,36
"1189","19183","Washington County, Iowa","Other Indo-European languages",26,36
"1190","19183","Washington County, Iowa","Korean",0,18
"1191","19183","Washington County, Iowa","Chinese (incl. Mandarin, Cantonese)",53,43
"1192","19183","Washington County, Iowa","Vietnamese",0,18
"1193","19183","Washington County, Iowa","Tagalog (incl. Filipino)",28,25
"1194","19183","Washington County, Iowa","Other Asian and Pacific Island languages",63,78
"1195","19183","Washington County, Iowa","Arabic",0,18
"1196","19183","Washington County, Iowa","Other and unspecified languages",0,18
"1197","19185","Wayne County, Iowa","Speak only English",5344,132
"1198","19185","Wayne County, Iowa","Spanish",61,37
"1199","19185","Wayne County, Iowa","French, Haitian, or Cajun",2,3
"1200","19185","Wayne County, Iowa","German or other West Germanic languages",509,129
"1201","19185","Wayne County, Iowa","Russian, Polish, or other Slavic languages",0,14
"1202","19185","Wayne County, Iowa","Other Indo-European languages",3,5
"1203","19185","Wayne County, Iowa","Korean",0,14
"1204","19185","Wayne County, Iowa","Chinese (incl. Mandarin, Cantonese)",0,14
"1205","19185","Wayne County, Iowa","Vietnamese",0,14
"1206","19185","Wayne County, Iowa","Tagalog (incl. Filipino)",2,6
"1207","19185","Wayne County, Iowa","Other Asian and Pacific Island languages",12,7
"1208","19185","Wayne County, Iowa","Arabic",0,14
"1209","19185","Wayne County, Iowa","Other and unspecified languages",35,36
"1210","19187","Webster County, Iowa","Speak only English",33029,220
"1211","19187","Webster County, Iowa","Spanish",911,177
"1212","19187","Webster County, Iowa","French, Haitian, or Cajun",16,26
"1213","19187","Webster County, Iowa","German or other West Germanic languages",33,32
"1214","19187","Webster County, Iowa","Russian, Polish, or other Slavic languages",2,3
"1215","19187","Webster County, Iowa","Other Indo-European languages",64,69
"1216","19187","Webster County, Iowa","Korean",67,72
"1217","19187","Webster County, Iowa","Chinese (incl. Mandarin, Cantonese)",80,83
"1218","19187","Webster County, Iowa","Vietnamese",10,20
"1219","19187","Webster County, Iowa","Tagalog (incl. Filipino)",47,50
"1220","19187","Webster County, Iowa","Other Asian and Pacific Island languages",6,8
"1221","19187","Webster County, Iowa","Arabic",14,22
"1222","19187","Webster County, Iowa","Other and unspecified languages",141,82
"1223","19189","Winnebago County, Iowa","Speak only English",9488,91
"1224","19189","Winnebago County, Iowa","Spanish",265,81
"1225","19189","Winnebago County, Iowa","French, Haitian, or Cajun",13,19
"1226","19189","Winnebago County, Iowa","German or other West Germanic languages",37,38
"1227","19189","Winnebago County, Iowa","Russian, Polish, or other Slavic languages",19,18
"1228","19189","Winnebago County, Iowa","Other Indo-European languages",16,14
"1229","19189","Winnebago County, Iowa","Korean",0,16
"1230","19189","Winnebago County, Iowa","Chinese (incl. Mandarin, Cantonese)",5,14
"1231","19189","Winnebago County, Iowa","Vietnamese",35,56
"1232","19189","Winnebago County, Iowa","Tagalog (incl. Filipino)",0,16
"1233","19189","Winnebago County, Iowa","Other Asian and Pacific Island languages",91,65
"1234","19189","Winnebago County, Iowa","Arabic",0,16
"1235","19189","Winnebago County, Iowa","Other and unspecified languages",0,16
"1236","19191","Winneshiek County, Iowa","Speak only English",18729,150
"1237","19191","Winneshiek County, Iowa","Spanish",333,101
"1238","19191","Winneshiek County, Iowa","French, Haitian, or Cajun",6,12
"1239","19191","Winneshiek County, Iowa","German or other West Germanic languages",126,59
"1240","19191","Winneshiek County, Iowa","Russian, Polish, or other Slavic languages",40,24
"1241","19191","Winneshiek County, Iowa","Other Indo-European languages",47,41
"1242","19191","Winneshiek County, Iowa","Korean",26,27
"1243","19191","Winneshiek County, Iowa","Chinese (incl. Mandarin, Cantonese)",7,9
"1244","19191","Winneshiek County, Iowa","Vietnamese",2,3
"1245","19191","Winneshiek County, Iowa","Tagalog (incl. Filipino)",0,18
"1246","19191","Winneshiek County, Iowa","Other Asian and Pacific Island languages",39,46
"1247","19191","Winneshiek County, Iowa","Arabic",27,42
"1248","19191","Winneshiek County, Iowa","Other and unspecified languages",27,32
"1249","19193","Woodbury County, Iowa","Speak only English",79673,657
"1250","19193","Woodbury County, Iowa","Spanish",11680,559
"1251","19193","Woodbury County, Iowa","French, Haitian, or Cajun",81,60
"1252","19193","Woodbury County, Iowa","German or other West Germanic languages",321,133
"1253","19193","Woodbury County, Iowa","Russian, Polish, or other Slavic languages",11,13
"1254","19193","Woodbury County, Iowa","Other Indo-European languages",242,183
"1255","19193","Woodbury County, Iowa","Korean",76,65
"1256","19193","Woodbury County, Iowa","Chinese (incl. Mandarin, Cantonese)",70,54
"1257","19193","Woodbury County, Iowa","Vietnamese",1336,308
"1258","19193","Woodbury County, Iowa","Tagalog (incl. Filipino)",128,92
"1259","19193","Woodbury County, Iowa","Other Asian and Pacific Island languages",804,333
"1260","19193","Woodbury County, Iowa","Arabic",121,93
"1261","19193","Woodbury County, Iowa","Other and unspecified languages",657,225
"1262","19195","Worth County, Iowa","Speak only English",6943,41
"1263","19195","Worth County, Iowa","Spanish",29,18
"1264","19195","Worth County, Iowa","French, Haitian, or Cajun",0,14
"1265","19195","Worth County, Iowa","German or other West Germanic languages",26,25
"1266","19195","Worth County, Iowa","Russian, Polish, or other Slavic languages",3,4
"1267","19195","Worth County, Iowa","Other Indo-European languages",6,7
"1268","19195","Worth County, Iowa","Korean",0,14
"1269","19195","Worth County, Iowa","Chinese (incl. Mandarin, Cantonese)",0,14
"1270","19195","Worth County, Iowa","Vietnamese",20,25
"1271","19195","Worth County, Iowa","Tagalog (incl. Filipino)",0,14
"1272","19195","Worth County, Iowa","Other Asian and Pacific Island languages",3,4
"1273","19195","Worth County, Iowa","Arabic",0,14
"1274","19195","Worth County, Iowa","Other and unspecified languages",3,4
"1275","19197","Wright County, Iowa","Speak only English",10789,140
"1276","19197","Wright County, Iowa","Spanish",1068,149
"1277","19197","Wright County, Iowa","French, Haitian, or Cajun",6,7
"1278","19197","Wright County, Iowa","German or other West Germanic languages",13,14
"1279","19197","Wright County, Iowa","Russian, Polish, or other Slavic languages",3,5
"1280","19197","Wright County, Iowa","Other Indo-European languages",0,16
"1281","19197","Wright County, Iowa","Korean",0,16
"1282","19197","Wright County, Iowa","Chinese (incl. Mandarin, Cantonese)",14,15
"1283","19197","Wright County, Iowa","Vietnamese",0,16
"1284","19197","Wright County, Iowa","Tagalog (incl. Filipino)",45,67
"1285","19197","Wright County, Iowa","Other Asian and Pacific Island languages",26,31
"1286","19197","Wright County, Iowa","Arabic",0,16
"1287","19197","Wright County, Iowa","Other and unspecified languages",0,16
