id,first_name,last_name,gender,age,state,fav_color,fav_animal
1,Tammy,Cristofalo,Male,66,Indiana,Teal,Sea birds (unidentified)
2,Alexine,Van't Hoff,Female,57,Illinois,Mauv,Hawk-headed parrot
3,Linn,Pardey,Female,41,Iowa,Aquamarine,Common genet
4,Tedman,Haycock,Male,52,Illinois,Goldenrod,Gray rhea
5,Terrance,Grinin,Male,45,Illinois,Blue,Hudsonian godwit
6,Joceline,Huet,Female,43,Indiana,Blue,Roe deer
7,Giacobo,Veldens,Genderfluid,43,Indiana,Violet,"Rhinoceros, white"
8,Caleb,Ughelli,Male,55,Illinois,Goldenrod,Eastern cottontail rabbit
9,Elia,Roxbrough,Male,54,Indiana,Mauv,"Kingfisher, malachite"
10,Christoper,Bascomb,Male,26,Illinois,Turquoise,"Dragonfly, russian"
11,Arty,Yegorovnin,Male,50,Illinois,Goldenrod,"Porcupine, prehensile-tailed"
12,Ozzy,Kenealy,Male,21,Illinois,Red,"Porcupine, tree"
13,Antin,Smewing,Male,57,Illinois,Violet,"Boubou, southern"
14,Leodora,Winkle,Female,31,Indiana,Fuscia,"Nutcracker, clark's"
15,Cheslie,Goodfellowe,Female,50,Illinois,Goldenrod,Sable antelope
16,Robinette,Frankowski,Female,62,Illinois,Pink,"Caiman, spectacled"
17,Celisse,Blaw,Female,60,Iowa,Teal,Asian elephant
18,Shanna,Haggata,Female,51,Illinois,Indigo,"Tortoise, desert"
19,Othello,Kobke,Male,31,Illinois,Green,"Lemur, ring-tailed"
20,Jesus,De Simone,Male,21,Indiana,Purple,White-browed sparrow weaver
21,Winston,Matei,Male,48,Illinois,Turquoise,Crimson-breasted shrike
22,Neddie,Pickersgill,Male,45,Iowa,Fuscia,Woolly-necked stork
23,Redford,Ockwell,Male,30,Illinois,Khaki,"Hawk, ferruginous"
24,Roberto,Esby,Male,48,Indiana,Pink,Collared peccary
25,Ephraim,Keniwell,Male,39,Illinois,Khaki,Green vine snake
26,Beatrix,Guise,Female,36,Illinois,Fuscia,"Sparrow, rufous-collared"
27,Davon,Sainte Paul,Non-binary,66,Illinois,Blue,"Kingfisher, white-throated"
28,Jobye,Cano,Female,27,Illinois,Khaki,Bahama pintail
29,Nanete,Biggen,Female,46,Iowa,Yellow,Long-crested hawk eagle
30,Arne,Klehn,Male,47,Iowa,Crimson,"Antelope, four-horned"
31,Heidie,Winsbury,Female,53,Illinois,Teal,"Wallaroo, common"
32,Norry,Eyres,Male,34,Iowa,Fuscia,"Stork, woolly-necked"
33,Kendricks,Raynes,Male,49,Illinois,Indigo,Campo flicker
34,Isabel,Mardling,Female,24,Illinois,Red,Desert tortoise
35,Jacqueline,Causey,Female,23,Illinois,Violet,Long-billed cockatoo
36,Madalena,Roggers,Female,70,Iowa,Puce,Civet (unidentified)
37,Ezequiel,Jermin,Male,62,Indiana,Crimson,Stone sheep
38,Ericka,Ipwell,Female,40,Iowa,Blue,Dassie
39,Jarad,Shorland,Male,38,Iowa,Purple,"Goose, spur-winged"
40,Lesley,Assad,Female,37,Indiana,Crimson,"Flicker, field"
41,Lotty,Colwill,Female,67,Illinois,Teal,Asiatic wild ass
42,Carolan,Botterell,Agender,40,Indiana,Pink,"Cat, civet"
43,Kessia,Grigs,Female,63,Illinois,Indigo,"Kangaroo, red"
44,Angy,Newling,Female,38,Illinois,Purple,"Kiskadee, great"
45,Bennie,Gleave,Non-binary,65,Illinois,Maroon,"Rat, arboral spiny"
46,Kristo,Rupke,Bigender,50,Illinois,Aquamarine,"Woodcock, american"
47,Kellie,Meredyth,Female,62,Indiana,Yellow,"Chipmunk, least"
48,Malia,Bartlett,Female,24,Illinois,Red,Pig-tailed macaque
49,Benjamen,Dorgon,Male,22,Illinois,Teal,White-tailed jackrabbit
50,Piotr,Nobles,Male,59,Illinois,Mauv,Little brown dove
51,Sharona,Marnes,Female,70,Iowa,Red,"Owl, madagascar hawk"
52,Cathryn,Mawd,Female,65,Illinois,Yellow,"Lion, asian"
53,Ody,O'Scollain,Male,43,Iowa,Khaki,Crab-eating fox
54,Carmelle,Keyson,Female,39,Illinois,Pink,Old world fruit bat (unidentified)
55,Conan,Rodd,Male,28,Illinois,Yellow,Darwin ground finch (unidentified)
56,Xavier,Gozard,Male,19,Illinois,Indigo,"Monkey, vervet"
57,Rosette,Clack,Female,23,Illinois,Mauv,Flying fox (unidentified)
58,Troy,Keady,Male,49,Iowa,Goldenrod,"Whale, southern right"
59,Charlena,Campey,Female,29,Iowa,Violet,"Heron, black-crowned night"
60,Keslie,Nickolls,Female,63,Iowa,Violet,Black-necked stork
61,Willa,Massey,Female,53,Illinois,Turquoise,"Oryx, beisa"
62,Calla,Bloxland,Female,29,Illinois,Pink,Sidewinder
63,Sydelle,Mably,Female,43,Indiana,Turquoise,"Seal, northern fur"
64,Patrizius,Buchett,Male,46,Indiana,Fuscia,Horned rattlesnake
65,Honey,Rudgley,Female,18,Illinois,Red,Mudskipper (unidentified)
66,Ingra,Spurman,Male,43,Illinois,Blue,"Corella, long-billed"
67,Flint,Godridge,Male,20,Illinois,Blue,Woolly-necked stork
68,Ericha,Drewitt,Female,42,Illinois,Khaki,Leopard
69,Dougie,Swaite,Male,24,Illinois,Pink,Blesbok
70,Jerome,Duligal,Male,50,Indiana,Yellow,Barasingha deer
71,Hyacinth,Matushevich,Female,43,Indiana,Teal,Feathertail glider
72,Roger,Plumtree,Male,35,Indiana,Crimson,Greater blue-eared starling
73,Darb,Barzen,Male,44,Illinois,Orange,Hoary marmot
74,Jayne,Fold,Female,68,Illinois,Blue,"Lion, african"
75,Zerk,Gulliman,Male,41,Aydin,Goldenrod,African skink
76,Dianemarie,Keaton,Female,59,Illinois,Orange,Red-billed tropic bird
77,Faustine,Bloxland,Female,63,Illinois,Teal,Praying mantis (unidentified)
78,Josselyn,Prine,Female,70,Indiana,Yellow,"Peacock, blue"
79,Dniren,Cicutto,Female,54,Illinois,Purple,Tawny frogmouth
80,Claribel,Brewse,Female,22,Illinois,Blue,Malay squirrel (unidentified)
81,Dorri,Maharg,Female,22,Iowa,Green,"Otter, cape clawless"
82,Caryl,Elam,Male,19,Illinois,Pink,Tokay gecko
83,Carmine,Benda,Male,62,Indiana,Pink,"Kangaroo, black-faced"
84,Galen,Winwright,Male,31,Indiana,Turquoise,"Booby, blue-faced"
85,Dorri,Eyam,Female,31,Indiana,Turquoise,"Shrike, southern white-crowned"
86,Garrard,de Savery,Male,56,Iowa,Mauv,Olive baboon
87,Fenelia,Critten,Female,46,Illinois,Red,"Porcupine, african"
88,Boonie,Awdry,Male,26,Illinois,Fuscia,"Stork, woolly-necked"
89,Alf,Danton,Male,40,Indiana,Teal,"Crow, american"
90,Ferd,Ingreda,Male,60,Indiana,Aquamarine,Small-toothed palm civet
91,Ezra,Bly,Male,46,Indiana,Green,Black-capped capuchin
92,Kylie,Corcut,Male,22,Indiana,Puce,Arctic fox
93,Robinet,Micco,Male,52,Illinois,Khaki,"Mynah, common"
94,Koenraad,Shanklin,Male,45,Illinois,Puce,Red phalarope
95,Hildagarde,Dirand,Female,19,Indiana,Red,Comb duck
96,Zaccaria,Judkin,Male,54,Iowa,Violet,Southern tamandua
97,Rockwell,Gouldthorpe,Male,57,Indiana,Goldenrod,"Buffalo, wild water"
98,Ximenes,Arens,Male,38,Indiana,Maroon,European badger
99,Hilary,Amos,Male,29,Indiana,Purple,Tawny frogmouth
100,Amelina,Danielkiewicz,Female,24,Indiana,Puce,Japanese macaque
101,Sheffie,Mitchley,Male,38,Indiana,Yellow,"Skua, long-tailed"
102,Timothee,Castelletti,Bigender,24,Illinois,Crimson,"Bulbul, african red-eyed"
103,Margarette,Lawton,Female,29,Illinois,Blue,Frog (unidentified)
104,Krystalle,Sooley,Female,55,Illinois,Violet,Cormorant (unidentified)
105,Halie,Readitt,Female,24,Indiana,Purple,"Eland, common"
106,Eduardo,Visco,Male,38,Illinois,Turquoise,Burrowing owl
107,Felic,Haysey,Male,65,Illinois,Crimson,Common brushtail possum
108,Andriana,Storre,Female,56,Illinois,Yellow,"Ibis, glossy"
109,Dillon,Feasey,Male,57,Illinois,Crimson,"Seal, southern elephant"
110,Arleen,Beccles,Female,36,Illinois,Yellow,"Parrot, hawk-headed"
111,Julius,Sebborn,Male,27,Indiana,Red,Black curlew
112,Jessie,Spat,Male,49,Iowa,Crimson,"Antelope, four-horned"
113,Roscoe,Goodspeed,Male,27,Illinois,Yellow,"Dragon, ornate rock"
114,Rey,Petroulis,Male,62,Indiana,Crimson,Horned lark
115,Daniella,Ladlow,Agender,24,Illinois,Khaki,Savanna fox
116,Bellina,Joselevitz,Female,32,Illinois,Aquamarine,Smith's bush squirrel
117,Ralf,Maultby,Male,49,Indiana,Orange,White-rumped vulture
118,Ellary,Brannigan,Male,41,Illinois,Pink,Lilac-breasted roller
119,Jakie,Alexandrou,Male,31,Illinois,Fuscia,Red phalarope
120,Kennett,Goodfellowe,Male,25,Illinois,Goldenrod,"Bat, asian false vampire"
121,Jourdain,Tooze,Male,25,Iowa,Khaki,"Bulbul, black-fronted"
122,Boycie,Stoggles,Male,37,Indiana,Blue,"Boa, columbian rainbow"
123,Felecia,Gonning,Female,59,Illinois,Puce,"Snake, buttermilk"
124,Kaleb,Simonich,Male,55,Illinois,Mauv,"Cormorant, great"
125,Sharity,Abden,Female,29,Iowa,Red,"Otter, cape clawless"
126,Drucy,Kinnear,Female,22,Indiana,Blue,King cormorant
127,Salomo,Hayball,Male,58,Indiana,Goldenrod,"Alligator, american"
128,Christoph,Collumbine,Male,26,Indiana,Goldenrod,"Porcupine, indian"
129,Gwenora,Dufton,Female,64,Illinois,Indigo,Lesser double-collared sunbird
130,Zonnya,Greger,Female,66,Illinois,Blue,Black-faced kangaroo
131,Lida,Clemintoni,Female,18,Illinois,Blue,Hottentot teal
132,Early,Acton,Male,36,Illinois,Violet,"Lion, galapagos sea"
133,Nickolai,Leeds,Male,22,Indiana,Puce,"Stilt, black-winged"
134,Lynnett,Frisel,Female,54,Indiana,Crimson,"Pheasant, ring-necked"
135,Reynard,Naldrett,Male,26,Illinois,Mauv,Red brocket
136,Malchy,Rodrig,Male,59,Indiana,Turquoise,Eurasian beaver
137,Hagan,Hodgets,Male,70,Iowa,Mauv,"Dik, kirk's dik"
138,Estelle,Hutcheon,Female,32,Indiana,Aquamarine,"Lizard, collared"
139,Katharyn,Isles,Female,43,Iowa,Purple,Knob-nosed goose
140,Eirena,Clutten,Female,18,Illinois,Aquamarine,Mouflon
141,Van,Douglas,Male,68,Illinois,Orange,Common green iguana
142,Noah,Earl,Male,36,Illinois,Aquamarine,"Dunnart, fat-tailed"
143,Brooks,Strowan,Female,23,Indiana,Khaki,"Bear, polar"
144,Siffre,Sherred,Male,29,Iowa,Puce,"Grenadier, purple"
145,Gar,Magnus,Male,25,Indiana,Turquoise,"Otter, cape clawless"
146,Selinda,Pflieger,Female,38,Illinois,Maroon,White-necked stork
147,Ad,Behan,Male,21,Illinois,Yellow,Long-nosed bandicoot
148,Martyn,Picardo,Male,65,Iowa,Crimson,Red squirrel
149,Chauncey,Mossman,Non-binary,49,Illinois,Mauv,Red-breasted nuthatch
150,Gustavus,Tod,Genderqueer,67,Illinois,Blue,"Eagle, long-crested hawk"
151,Masha,Asif,Female,47,Indiana,Khaki,Campo flicker
152,Herschel,Ferres,Male,43,Indiana,Violet,"Lark, horned"
153,Florina,Cobbing,Female,28,Aydin,Aquamarine,Canadian tiger swallowtail butterfly
154,Binny,Novotna,Female,48,Iowa,Violet,"Shrike, crimson-breasted"
155,Neville,McGrotty,Male,54,Indiana,Orange,Jaguarundi
156,Miller,Saladin,Male,59,Illinois,Fuscia,Barking gecko
157,Jordan,Biaggiotti,Female,38,Iowa,Turquoise,"Phalarope, northern"
158,Tootsie,Brigden,Female,68,Indiana,Orange,"Turtle, long-necked"
159,Cam,Rospars,Polygender,40,Illinois,Crimson,Ring-tailed gecko
160,Gwendolen,Guiness,Female,33,Illinois,Maroon,Caracara (unidentified)
161,Dolph,Berger,Male,34,Illinois,Goldenrod,"Monkey, vervet"
162,Stace,Brushfield,Female,57,Iowa,Purple,Sacred ibis
163,Barris,Pocknell,Male,50,Indiana,Pink,Feral rock pigeon
164,Dedie,Witherdon,Genderfluid,66,Illinois,Purple,"Woodpecker, red-headed"
165,Clemmie,Tredinnick,Male,36,Indiana,Purple,"Skunk, striped"
166,Marybelle,Ranscome,Female,38,Illinois,Khaki,Arctic ground squirrel
167,Mahmoud,Aubin,Male,31,Illinois,Crimson,Chital
168,Bernetta,de'-Ancy Willis,Female,47,Indiana,Mauv,"Fox, arctic"
169,Arlin,Elia,Male,58,Iowa,Green,"Macaque, bonnet"
170,Chiquita,Darkin,Female,67,Aydin,Yellow,"Rhinoceros, white"
171,Osbourne,Forsbey,Male,66,Iowa,Mauv,Adouri (unidentified)
172,Beverly,Jackman,Female,70,Illinois,Yellow,Steller's sea lion
173,Sebastien,Eannetta,Male,25,Illinois,Indigo,"Bird, pied butcher"
174,Ethelred,Bohl,Male,59,Illinois,Orange,"Egret, great"
175,Alexandros,Narraway,Male,24,Illinois,Turquoise,Stone sheep
176,Spencer,Ingerfield,Male,25,Indiana,Purple,"Butterfly, canadian tiger swallowtail"
177,Hughie,Dines,Male,41,Iowa,Goldenrod,Western spotted skunk
178,Rafe,Vivians,Male,62,Illinois,Maroon,White-rumped vulture
179,Estell,Soot,Female,55,Illinois,Orange,"Gull, herring"
180,Marielle,Teodori,Female,64,Aydin,Blue,Dusky gull
181,Clerc,Vassman,Male,68,Indiana,Crimson,"Marten, american"
182,Joyan,Pierpoint,Female,39,Illinois,Indigo,Honey badger
183,Yalonda,Lohan,Bigender,21,Illinois,Pink,"Racer, american"
184,Georgie,Dallewater,Female,47,Indiana,Green,Rufous-collared sparrow
185,Lian,McShirie,Female,28,Illinois,Orange,"Pheasant, ring-necked"
186,Eimile,Smead,Non-binary,57,Illinois,Puce,"Duiker, common"
187,Sheridan,Wyleman,Male,27,Illinois,Blue,"Legaan, Monitor (unidentified)"
188,Tabatha,Flowerden,Female,41,Indiana,Fuscia,"Crane, sarus"
189,Liza,Duns,Female,67,Iowa,Red,Paradoxure
190,Rochella,Hardwicke,Genderqueer,23,Indiana,Purple,Southern screamer
191,Leontyne,Baumber,Female,58,Illinois,Red,"Tortoise, desert"
192,Cchaddie,Bartul,Male,35,Iowa,Crimson,"Heron, goliath"
193,Dolores,Dall,Female,68,Illinois,Yellow,"Pigeon, feral rock"
194,Erwin,Dowzell,Male,44,Illinois,Mauv,Dark-winged trumpeter
195,Elias,Gaskin,Male,21,Indiana,Khaki,"Wallaby, red-necked"
196,Cathi,McLugish,Female,27,Illinois,Teal,"Lemming, collared"
197,Sheffie,Eddleston,Genderfluid,70,Illinois,Turquoise,"Pelican, brown"
198,Heriberto,Lorant,Male,28,Illinois,Maroon,"Racer, blue"
199,Siusan,Trillo,Female,22,Indiana,Indigo,Smith's bush squirrel
200,Wat,Callinan,Male,23,Illinois,Fuscia,Palm squirrel
201,Angelica,Spillard,Female,27,Indiana,Blue,Rufous-collared sparrow
202,Brier,Crosseland,Genderfluid,69,Indiana,Red,"Kingfisher, white-throated"
203,Eachelle,O'Callaghan,Female,48,Iowa,Green,"Lion, australian sea"
204,Nessy,Dobrowski,Female,41,Iowa,Aquamarine,White-browed owl
205,Deane,Crowcombe,Male,69,Iowa,Turquoise,"Sloth, two-toed tree"
206,Corena,Haselden,Female,28,Illinois,Aquamarine,"Python, carpet"
207,Shay,Kinsell,Male,66,Iowa,Indigo,"Baboon, yellow"
208,Devlen,Screaton,Male,42,Iowa,Maroon,Sun gazer
209,Elvina,Adger,Female,52,Illinois,Pink,"Snake, eastern indigo"
210,Alika,Clemot,Female,41,Iowa,Goldenrod,Three-banded plover
211,Andree,Yuryev,Female,65,Illinois,Orange,Greater kudu
212,Sergent,Seak,Male,51,Iowa,Mauv,Common wallaroo
213,Bernadette,Sizland,Female,48,Illinois,Turquoise,"Swan, black"
214,Sandro,Steljes,Male,40,Illinois,Fuscia,Secretary bird
215,Magdalene,Basson,Female,42,Indiana,Teal,Gray rhea
216,Justino,Danilyuk,Non-binary,23,Indiana,Purple,Western palm tanager (unidentified)
217,Con,Alenichicov,Female,33,Illinois,Crimson,"Bear, grizzly"
218,Rosalind,Merriman,Female,69,Indiana,Mauv,"Pheasant, common"
219,Purcell,Dacca,Male,22,Indiana,Red,"Squirrel, pine"
220,Janice,Poytress,Female,29,Illinois,Crimson,"Weaver, white-browed sparrow"
221,Lilla,Layne,Female,51,Illinois,Fuscia,"Wolf, common"
222,Iggy,Sesser,Male,55,Indiana,Fuscia,Desert kangaroo rat
223,Mace,Rowlings,Male,49,Iowa,Puce,Barrows goldeneye
224,Viviene,Eyes,Non-binary,41,Iowa,Maroon,"Tern, white-winged"
225,Arnold,Waples,Male,35,Indiana,Turquoise,"Eland, common"
226,Manny,O'Gormley,Male,38,Indiana,Purple,"Stork, marabou"
227,Natalie,Blazewicz,Female,36,Illinois,Purple,"Hornbill, southern ground"
228,Benoit,Stoodale,Male,22,Illinois,Maroon,"Cardinal, red-capped"
229,Ferdie,Franchi,Genderqueer,55,Indiana,Khaki,Sandhill crane
230,Derk,Davidovics,Male,63,Iowa,Pink,Asian red fox
231,Lesley,Bilovus,Female,22,Illinois,Yellow,"Goose, canada"
232,Mady,Docwra,Female,51,Indiana,Fuscia,"Otter, north american river"
233,Sanford,Truitt,Male,29,Illinois,Orange,Fork-tailed drongo
234,Bary,Jerche,Male,27,Illinois,Violet,White stork
235,Theresita,Blessed,Female,26,Iowa,Crimson,Sulfur-crested cockatoo
236,Perl,Guilbert,Female,69,Illinois,Blue,"Gull, herring"
237,Aluin,Rowbottam,Male,32,Illinois,Teal,Ferruginous hawk
238,Ly,McBratney,Male,64,Illinois,Yellow,Eurasian red squirrel
239,Moira,Spring,Female,37,Illinois,Crimson,Antelope ground squirrel
240,Braden,Raffels,Male,20,Illinois,Fuscia,Nile crocodile
241,Hercule,Dyter,Male,53,Iowa,Mauv,Crested barbet
242,Donn,Nore,Male,39,Illinois,Puce,Little heron
243,Merwin,Belk,Male,38,Illinois,Purple,"Macaque, japanese"
244,Randie,Dumbar,Male,44,Illinois,Blue,Square-lipped rhinoceros
245,Rickard,Earpe,Male,21,Illinois,Orange,Grant's gazelle
246,Mitzi,Fredson,Female,57,Illinois,Goldenrod,Red kangaroo
247,Bondie,Frankling,Male,19,Illinois,Puce,"Lion, african"
248,Wes,De Zuani,Non-binary,22,Illinois,Violet,"Capuchin, brown"
249,Lilah,Buckland,Female,18,Iowa,Blue,"Pheasant, common"
250,Tabbatha,Quartermain,Female,32,Illinois,Puce,"Deer, black-tailed"
251,Jemie,Bauckham,Female,51,Iowa,Indigo,"Barbet, levaillant's"
252,Demetria,Cuningham,Female,34,Illinois,Aquamarine,Long-tailed skua
253,Ettore,O'Flynn,Male,56,Indiana,Pink,Eastern box turtle
254,Devin,De Filippi,Male,56,Illinois,Violet,"Turkey, wild"
255,Arabel,Gulliver,Agender,60,Illinois,Maroon,Black curlew
256,Agosto,Beaulieu,Male,68,Illinois,Pink,"Fox, asian red"
257,Feodor,Gourley,Male,31,Indiana,Khaki,"Squirrel, african bush"
258,Braden,Crosbie,Male,67,Illinois,Khaki,Common rhea
259,Paule,Smedley,Female,61,Illinois,Purple,Turtle (unidentified)
260,Sax,Von Helmholtz,Male,34,Illinois,Blue,"Cormorant, flightless"
261,Nichol,Tenwick,Female,22,Illinois,Teal,"White-eye, cape"
262,Horatio,Gierke,Male,45,Indiana,Blue,Cape starling
263,Stephan,Wright,Bigender,64,Illinois,Crimson,"Stork, woolly-necked"
264,Ingar,Dell'Abbate,Male,66,Aydin,Turquoise,Lilac-breasted roller
265,Owen,Bielfeld,Male,43,Indiana,Goldenrod,Silver-backed jackal
266,Tally,McGlade,Male,69,Illinois,Green,"Lourie, grey"
267,Lottie,Josef,Female,18,Illinois,Green,"Shrike, crimson-breasted"
268,Trevor,Oseman,Male,44,Illinois,Purple,White rhinoceros
269,Balduin,Wildgoose,Male,35,Illinois,Aquamarine,"Bat, little brown"
270,Alida,Costelow,Female,29,Illinois,Mauv,Red-winged blackbird
271,Sephira,Thom,Polygender,32,Illinois,Blue,Antelope ground squirrel
272,Skyler,Boyet,Male,51,Indiana,Green,"Siskin, pine"
273,Annadiana,Fiander,Non-binary,35,Illinois,Red,Yellow-throated sandgrouse
274,Stanly,Phin,Male,26,Indiana,Puce,Gulls (unidentified)
275,Arabelle,Cullinane,Female,53,Illinois,Goldenrod,Prairie falcon
276,Hugo,Olanda,Male,45,Illinois,Orange,"Lourie, grey"
277,Dominic,Stephens,Male,41,Illinois,Fuscia,"Baboon, yellow"
278,Johannes,Chattock,Male,32,Indiana,Purple,Square-lipped rhinoceros
279,Haley,Ubsdell,Male,59,Illinois,Red,African ground squirrel (unidentified)
280,Stormie,Gipp,Female,19,Iowa,Goldenrod,Pygmy possum
281,Richardo,Coppins,Male,51,Indiana,Aquamarine,Giant heron
282,Bruis,Lowres,Male,48,Iowa,Orange,American black bear
283,Grier,Hurrion,Female,32,Indiana,Yellow,"Jacana, african"
284,Miquela,Zaniolo,Female,28,Indiana,Violet,Tailless tenrec
285,Darlene,Conduit,Female,59,Illinois,Purple,Black-faced kangaroo
286,Timothy,Pratty,Male,57,Illinois,Purple,Urial
287,Lorry,Strut,Male,57,Illinois,Maroon,Common ringtail
288,Pattie,de Broke,Male,29,Indiana,Goldenrod,"Dog, african wild"
289,Trevar,Girsch,Male,54,Iowa,Blue,"Sloth, hoffman's"
290,Arni,Crosier,Male,26,Illinois,Teal,Woolly-necked stork
291,Claudine,Ragsdale,Genderfluid,59,Indiana,Indigo,Dassie
292,Ardella,Klebes,Female,28,Illinois,Red,"Monitor, two-banded"
293,Andris,Casoni,Agender,49,Illinois,Turquoise,Roseat flamingo
294,Dayna,Cornner,Female,19,Illinois,Green,Nilgai
295,Emmalynn,Pantling,Female,59,Indiana,Purple,"Dove, ring"
296,Diane-marie,Delacourt,Female,61,Illinois,Blue,"Opossum, american virginia"
297,Vannie,Crotch,Female,51,Illinois,Puce,Common langur
298,Carly,Short,Female,56,Illinois,Violet,White-throated kingfisher
299,Judye,Brownrigg,Female,48,Illinois,Khaki,Thirteen-lined squirrel
300,Lynnet,Addis,Female,41,Illinois,Red,"Heron, black-crowned night"
301,Prudence,Siward,Female,68,Aydin,Goldenrod,Coqui partridge
302,Estel,Von Der Empten,Female,64,Illinois,Orange,"Teal, hottentot"
303,Rutger,Varren,Male,24,Iowa,Maroon,"Skunk, western spotted"
304,Wes,Bowick,Polygender,64,Illinois,Maroon,Desert spiny lizard
305,Chloette,Jorgensen,Female,40,Indiana,Pink,"Buffalo, wild water"
306,Dania,Campsall,Female,26,Indiana,Mauv,"Stork, white"
307,Evyn,Busain,Male,23,Illinois,Indigo,"Francolin, swainson's"
308,Reeba,Borris,Female,60,Illinois,Aquamarine,Red-tailed hawk
309,Portia,Broinlich,Female,53,Aydin,Teal,Cape white-eye
310,Godwin,Eve,Male,18,Indiana,Blue,"Turtle, snake-necked"
311,Fan,Larkings,Female,48,Indiana,Indigo,"Bulbul, african red-eyed"
312,Kiley,Dorkin,Male,44,Illinois,Yellow,"Mynah, common"
313,Kelila,Wiffield,Female,41,Iowa,Violet,European spoonbill
314,Dev,Driver,Male,21,Indiana,Green,"Pintail, white-cheeked"
315,Lauretta,Fetherstone,Female,39,Illinois,Maroon,"Egret, snowy"
316,Verne,Gwilym,Male,47,Indiana,Fuscia,Butterfly (unidentified)
317,Sutherland,Drescher,Male,64,Indiana,Puce,"Squirrel, palm"
318,Akim,Spreull,Male,49,Indiana,Pink,Large-eared bushbaby
319,Kit,Tremberth,Male,67,Indiana,Crimson,White stork
320,Clevie,Littefair,Male,51,Illinois,Turquoise,"Rattlesnake, eastern diamondback"
321,Saxon,O'Gleasane,Male,60,Indiana,Blue,"Tortoise, radiated"
322,Antoinette,Lincoln,Female,18,Indiana,Maroon,"Dove, mourning collared"
323,Essa,Limmer,Genderqueer,48,Indiana,Khaki,"Crow, american"
324,Cosme,Garside,Male,21,Indiana,Mauv,Common rhea
325,Gauthier,Skeat,Male,40,Indiana,Orange,Chestnut weaver
326,Tony,Maddin,Female,31,Indiana,Khaki,Blue waxbill
327,Celie,Goodsall,Female,42,Iowa,Orange,California sea lion
328,Winny,Bryett,Female,36,Illinois,Violet,"Boa, mexican"
329,Matteo,McGrae,Male,19,Illinois,Turquoise,"Caracara, yellow-headed"
330,Rodrick,Vise,Bigender,22,Indiana,Orange,"Baboon, savanna"
331,Charmion,Cragg,Female,45,Indiana,Green,White-necked raven
332,Erny,Lumber,Male,69,Illinois,Purple,"Ibis, glossy"
333,Diannne,Wabersich,Female,19,Illinois,Indigo,Black-footed ferret
334,Jenica,Martinho,Bigender,46,Illinois,Aquamarine,"Stork, openbill"
335,Devlen,Bunton,Genderqueer,57,Illinois,Violet,Barking gecko
336,Cleo,Jailler,Female,44,Indiana,Goldenrod,White-bellied sea eagle
337,Briney,Shawyers,Female,47,Indiana,Blue,Kongoni
338,Deeanne,Brant,Female,34,Illinois,Aquamarine,Pronghorn
339,Jake,Evemy,Genderfluid,67,Iowa,Crimson,Scottish highland cow
340,Murry,Charrett,Genderqueer,27,Illinois,Violet,Steenbok
341,Amalee,Conti,Female,57,Illinois,Khaki,"Heron, grey"
342,Land,Cope,Male,35,Iowa,Fuscia,Sidewinder
343,Jeni,Wingeatt,Female,40,Illinois,Maroon,"Drongo, fork-tailed"
344,Celinka,Radki,Female,18,Illinois,Mauv,Denham's bustard
345,Vera,Mattschas,Agender,47,Illinois,Yellow,Great kiskadee
346,Skipp,Goodey,Male,32,Illinois,Khaki,"Dove, mourning collared"
347,Claudianus,Tremble,Male,70,Indiana,Maroon,Ibex
348,Amanda,Perrelli,Female,23,Illinois,Red,Bennett's wallaby
349,Saw,Carren,Agender,61,Illinois,Pink,"Stork, saddle-billed"
350,Leoine,Bison,Female,58,Illinois,Blue,"Seal, northern elephant"
351,Betta,Fishbourn,Female,18,Illinois,Goldenrod,Red-billed tropic bird
352,Kacy,Scotts,Female,58,Indiana,Yellow,"Rat, arboral spiny"
353,Averil,Strangman,Female,60,Illinois,Blue,"Pademelon, red-legged"
354,Granny,Angeli,Male,47,Illinois,Fuscia,Kori bustard
355,Denyse,Corah,Female,40,Illinois,Turquoise,Vine snake (unidentified)
356,Alleyn,Perrett,Male,28,Illinois,Crimson,"Seal, common"
357,Tiphanie,Swale,Female,67,Indiana,Violet,Red-necked wallaby
358,Janos,Sidnall,Male,59,Illinois,Indigo,"Monkey, black spider"
359,Fleur,Brawley,Female,53,Illinois,Yellow,"Sparrow, rufous-collared"
360,Klara,Greaterex,Female,66,Iowa,Turquoise,"Magpie, black-backed"
361,Gard,Bonwell,Agender,55,Illinois,Yellow,"Shrike, crimson-breasted"
362,Cornie,Sconce,Male,34,Indiana,Orange,Campo flicker
363,Gwynne,Wensley,Female,39,Iowa,Violet,Radiated tortoise
364,Carmelita,Bubear,Female,49,Illinois,Pink,"Swan, black"
365,Willi,Fosdick,Male,45,Iowa,Blue,"Anteater, australian spiny"
366,Reed,Dominy,Male,49,Illinois,Violet,"Badger, honey"
367,Sherilyn,Gowdie,Female,54,Illinois,Maroon,"Ferret, black-footed"
368,Gwynne,Jandel,Female,20,Indiana,Crimson,Sociable weaver
369,Gustie,Goaks,Female,33,Illinois,Fuscia,"Lorikeet, scaly-breasted"
370,Greggory,Fortey,Male,34,Iowa,Maroon,Springbuck
371,Teodor,Cowitz,Male,30,Illinois,Pink,Common dolphin
372,Trace,Floyd,Male,38,Illinois,Aquamarine,Great cormorant
373,Corby,Pook,Male,60,Illinois,Khaki,"Rattlesnake, dusky"
374,Zelma,Slyme,Female,53,Iowa,Aquamarine,Red-tailed hawk
375,Nerita,Championnet,Female,54,Illinois,Turquoise,Ring dove
376,Udell,Kunze,Male,30,Iowa,Khaki,Pale-throated three-toed sloth
377,Tedd,Fernihough,Polygender,39,Illinois,Maroon,Fisher
378,Tommy,Dight,Female,62,Illinois,Blue,Black vulture
379,Angela,McEvoy,Polygender,46,Indiana,Fuscia,Arctic tern
380,Woodman,Cail,Male,62,Illinois,Yellow,"Moccasin, water"
381,Yvor,Crosetti,Male,46,Iowa,Khaki,Red-legged pademelon
382,Lucia,Wetwood,Female,42,Iowa,Orange,"Drongo, fork-tailed"
383,Frank,Stuchbery,Female,39,Indiana,Red,Emerald green tree boa
384,Robin,Harrowing,Male,54,Illinois,Khaki,European red squirrel
385,Rosco,Fatkin,Male,65,Indiana,Blue,Brazilian otter
386,Scotti,Holt,Male,57,Indiana,Turquoise,"Mouse, four-striped grass"
387,Laughton,Dionsetti,Male,35,Illinois,Teal,"Cockatoo, red-breasted"
388,Mommy,Allett,Female,40,Indiana,Violet,Wild turkey
389,Tatum,Surmon,Female,35,Illinois,Pink,Chameleon (unidentified)
390,Greggory,Stegers,Male,37,Illinois,Indigo,"Kingfisher, white-throated"
391,Krissie,Nigh,Female,47,Indiana,Goldenrod,"Crane, brolga"
392,Jobyna,Sewley,Female,20,Illinois,Mauv,Desert kangaroo rat
393,Buffy,Ambrogelli,Female,34,Illinois,Puce,Egyptian cobra
394,John,Grand,Male,57,Illinois,Aquamarine,Galapagos sea lion
395,Hyacinthia,Burvill,Female,50,Indiana,Violet,"Lizard, mexican beaded"
396,Tiphanie,Spiller,Female,50,Illinois,Blue,Snow goose
397,Truda,Moorey,Female,40,Indiana,Puce,Jungle kangaroo
398,Arlan,Pennacci,Male,22,Illinois,Violet,Black rhinoceros
399,Linet,Phuprate,Female,21,Iowa,Violet,Mourning collared dove
400,Paddy,Spooner,Male,62,Illinois,Pink,Eastern quoll
401,Vinson,Lilburne,Male,38,Illinois,Green,"Langur, gray"
402,Yuma,St. Quintin,Male,69,Illinois,Crimson,"Boa, columbian rainbow"
403,Francis,Featherbie,Male,20,Illinois,Aquamarine,Tayra
404,Barbie,Garbutt,Female,18,Illinois,Crimson,"Drongo, fork-tailed"
405,Alexander,Boullen,Male,60,Illinois,Mauv,Common shelduck
406,Sheffie,McColley,Male,43,Illinois,Green,"Eagle, bateleur"
407,Edwin,Vial,Male,60,Illinois,Green,"Vulture, egyptian"
408,Leonie,Hindes,Female,39,Illinois,Red,American woodcock
409,Keane,Dearnley,Male,69,Illinois,Aquamarine,"Lion, steller's sea"
410,Hortense,Gobel,Female,36,Iowa,Red,"Cormorant, pied"
411,Charisse,Gunther,Female,36,Iowa,Crimson,Black-eyed bulbul
412,Derk,Uzzell,Male,45,Indiana,Mauv,Common wallaroo
413,Daveen,Culley,Non-binary,20,Indiana,Pink,"Lizard, desert spiny"
414,Mada,Parvin,Female,21,Iowa,Teal,Canadian tiger swallowtail butterfly
415,Kari,Romayn,Female,30,Illinois,Green,Blue shark
416,Leeland,Voden,Male,19,Indiana,Maroon,Brown lemur
417,Liam,Flegg,Male,49,Iowa,Teal,Indian peacock
418,Fifine,Abbay,Female,51,Iowa,Puce,Water legaan
419,Daphna,Surman-Wells,Female,45,Iowa,Violet,White-necked stork
420,Frederik,Baurerich,Male,54,Indiana,Green,Great white pelican
421,Ingra,Schooling,Polygender,23,Illinois,Fuscia,Python (unidentified)
422,Angelo,Hayer,Male,26,Illinois,Purple,American alligator
423,Zahara,Daintrey,Female,60,Illinois,Purple,"Lion, asian"
424,Ora,Jenoure,Female,26,Iowa,Pink,Vine snake (unidentified)
425,Aron,O'Fearguise,Male,44,Indiana,Puce,"Cockatoo, slender-billed"
426,Jasmin,Peasgood,Female,66,Illinois,Red,"Siskin, yellow-rumped"
427,Jeniece,Rawlingson,Female,18,Indiana,Orange,Meerkat
428,Cleveland,MacCaig,Male,56,Illinois,Puce,"Eagle, pallas's fish"
429,Caryn,Antonin,Female,37,Indiana,Pink,"Turaco, violet-crested"
430,Anatol,Gilbane,Male,66,Illinois,Pink,Steller's sea lion
431,Kial,Mauchline,Female,52,Iowa,Indigo,Black-faced kangaroo
432,Callean,Birkinshaw,Male,19,Aydin,Fuscia,"Flicker, field"
433,Dareen,Hallock,Female,50,Illinois,Crimson,Sable antelope
434,Hastie,Dan,Male,70,Indiana,Khaki,"Buffalo, asian water"
435,Anthea,Jakov,Genderqueer,62,Iowa,Mauv,Kirk's dik dik
436,Xena,MacAdie,Female,27,Indiana,Indigo,Yellow-necked spurfowl
437,Keene,Gregol,Genderqueer,39,Illinois,Green,"Monkey, bleeding heart"
438,Christabel,Farnin,Female,60,Indiana,Indigo,Lesser masked weaver
439,Kissie,Tranfield,Female,21,Illinois,Purple,Ring-tailed possum
440,Kinna,Simmings,Female,57,Indiana,Maroon,"Anteater, australian spiny"
441,Chantalle,Tolliday,Female,19,Iowa,Puce,Cottonmouth
442,Ashia,Latimer,Female,59,Illinois,Violet,"Wallaby, euro"
443,Vince,Coggins,Male,20,Aydin,Crimson,Blue crane
444,Kent,Kester,Male,60,Indiana,Violet,Great horned owl
445,Marianna,Bidwell,Female,60,Indiana,Orange,"Monitor, two-banded"
446,Sully,Alden,Male,50,Iowa,Teal,Green-winged macaw
447,Flori,McCadden,Female,58,Illinois,Green,Brown pelican
448,Patten,Macellar,Male,24,Illinois,Khaki,White-throated monitor
449,Rosie,O' Dornan,Polygender,21,Illinois,Fuscia,Verreaux's sifaka
450,Raimundo,Baldam,Male,28,Iowa,Purple,Common wombat
451,Mandie,Chittim,Female,22,Aydin,Purple,Tawny frogmouth
452,Kira,Brandes,Female,28,Indiana,Red,"Deer, red"
453,Hugo,Pynn,Male,40,Indiana,Crimson,"Salmon, sockeye"
454,Elisha,Brundall,Genderqueer,59,Illinois,Purple,Scarlet macaw
455,Kimble,Chafney,Male,30,Illinois,Green,Long-crested hawk eagle
456,Tybalt,Kahane,Male,52,Illinois,Puce,Giant armadillo
457,Charin,Odde,Female,23,Indiana,Indigo,"Cat, civet"
458,Ailyn,Keyme,Female,27,Iowa,Pink,"Cat, tiger"
459,Link,Hamflett,Male,66,Illinois,Aquamarine,"Otter, north american river"
460,Benedicta,Rock,Female,31,Iowa,Pink,"Spoonbill, european"
461,Phebe,Gommes,Female,21,Iowa,Blue,"Stork, greater adjutant"
462,Any,Wretham,Male,63,Illinois,Khaki,Gray langur
463,Latashia,Nattrass,Female,34,Indiana,Aquamarine,Herring gull
464,Karlens,Lidierth,Non-binary,70,Illinois,Khaki,Chacma baboon
465,Rodina,Lampet,Female,61,Illinois,Pink,Common dolphin
466,Xylina,Bryers,Female,62,Illinois,Purple,Crowned hawk-eagle
467,Thaine,Pallin,Male,39,Illinois,Puce,Brush-tailed bettong
468,Hamel,Sperring,Male,21,Iowa,Green,Long-nosed bandicoot
469,Chalmers,Tremoille,Male,22,Indiana,Khaki,Paca
470,Kari,Earry,Female,49,Illinois,Red,Kori bustard
471,Ferdy,Wedmore,Male,59,Illinois,Khaki,Emerald-spotted wood dove
472,Katti,Scarfe,Genderfluid,43,Illinois,Violet,"Cliffchat, mocking"
473,Darrick,Bewshaw,Polygender,67,Illinois,Green,House crow
474,Olenka,Binyon,Female,40,Illinois,Crimson,"Armadillo, common long-nosed"
475,Tiff,Falloon,Female,55,Illinois,Turquoise,"Tortoise, radiated"
476,Reina,Schapiro,Female,63,Indiana,Turquoise,"Vulture, black"
477,Wally,Gildersleaves,Female,29,Indiana,Goldenrod,"Fox, pampa gray"
478,Alisander,Dearlove,Male,61,Indiana,Yellow,Ringtail
479,Gerty,Bloomer,Female,22,Iowa,Crimson,"Wallaby, agile"
480,Beret,Kiera,Female,46,Indiana,Teal,"Monster, gila"
481,Kimberli,Zielinski,Female,29,Indiana,Red,Arctic lemming
482,Hy,Kiossel,Male,59,Indiana,Aquamarine,"Seal, northern elephant"
483,James,Stubbes,Male,32,Illinois,Orange,Darwin ground finch (unidentified)
484,Pen,Wallington,Female,39,Illinois,Crimson,"Rat, desert kangaroo"
485,Gillie,Capron,Female,44,Indiana,Red,Gaur
486,Jule,Dilley,Male,47,Iowa,Puce,Emerald green tree boa
487,Janna,Ducket,Polygender,22,Illinois,Yellow,"Vulture, lappet-faced"
488,Cart,Tisor,Male,48,Indiana,Maroon,Steller's sea lion
489,Daffy,Crawshay,Female,48,Indiana,Blue,"Antelope, sable"
490,Mora,Paiton,Female,52,Indiana,Violet,Long-billed cockatoo
491,Rosco,Smieton,Male,33,Indiana,Red,"Squirrel, richardson's ground"
492,Valida,Vidineev,Female,18,Iowa,Blue,Klipspringer
493,Jerrie,Haburne,Male,39,Illinois,Orange,European shelduck
494,Myrwyn,Ivery,Male,56,Illinois,Green,"Falcon, peregrine"
495,Aarika,Rose,Female,23,Indiana,Yellow,Common grenadier
496,Gabrila,Hunnisett,Female,44,Indiana,Blue,African buffalo
497,Almeta,Kopke,Non-binary,47,Iowa,Maroon,"Lemur, ring-tailed"
498,Nananne,Baumaier,Female,31,Iowa,Orange,"Cormorant, little"
499,Joannes,Perl,Female,20,Iowa,Maroon,Cuis
500,Ellie,Verheyden,Female,56,Illinois,Indigo,"Falcon, peregrine"
501,Jacqui,Lundberg,Female,23,Indiana,Crimson,Dark-winged trumpeter
502,Cami,Loyd,Female,24,Illinois,Indigo,"Woodcock, american"
503,Clary,Earle,Female,25,Iowa,Crimson,"Hornbill, red-billed"
504,Brit,Lassen,Male,24,Iowa,Violet,Chilean flamingo
505,Tasha,Houndesome,Female,55,Indiana,Green,Common zebra
506,Cristine,Meijer,Female,27,Illinois,Puce,Yellow-brown sungazer
507,Kitti,Cardiff,Female,29,Illinois,Indigo,Dusky gull
508,Logan,Dzeniskevich,Male,29,Illinois,Goldenrod,European badger
509,Addie,Francombe,Male,65,Illinois,Orange,"Squirrel, european red"
510,Amberly,Croy,Female,25,Indiana,Red,Collared lizard
511,Zeke,Martt,Male,43,Illinois,Khaki,"Waxbill, black-cheeked"
512,Georgi,Bridell,Male,67,Indiana,Goldenrod,Red-cheeked cordon bleu
513,Brier,Craw,Female,64,Iowa,Green,Lesser mouse lemur
514,Kassie,Sorrell,Female,43,Indiana,Goldenrod,"Eland, common"
515,Millard,Corteney,Male,57,Indiana,Violet,Puku
516,Burton,Ducarne,Male,64,Iowa,Orange,Bare-faced go away bird
517,Reine,Minichi,Female,37,Aydin,Orange,Common melba finch
518,Lorena,Blinckhorne,Female,26,Illinois,Goldenrod,Richardson's ground squirrel
519,Debora,Liptrod,Female,60,Indiana,Orange,Wild boar
520,Ancell,Rootham,Male,43,Illinois,Khaki,Greater kudu
521,Janella,Theriot,Female,25,Indiana,Pink,"Capuchin, white-fronted"
522,Adel,Maile,Female,26,Iowa,Aquamarine,"Weaver, lesser masked"
523,Wren,Cale,Female,36,Indiana,Maroon,Blue waxbill
524,Arda,Marcinkus,Female,43,Illinois,Aquamarine,Magnificent frigate bird
525,Wallace,MacKeever,Male,48,Illinois,Maroon,North American porcupine
526,Valeda,Cheale,Female,46,Illinois,Fuscia,"Caiman, spectacled"
527,Orelee,Ferneley,Genderfluid,40,Iowa,Pink,Brazilian otter
528,Agata,Arenson,Female,61,Illinois,Aquamarine,"Jackal, indian"
529,Vania,Beinisch,Female,18,Illinois,Fuscia,"Corella, long-billed"
530,Zonda,Oller,Female,65,Illinois,Puce,"Goldeneye, common"
531,Tull,Finden,Male,50,Illinois,Mauv,Hanuman langur
532,Yvon,Messom,Male,66,Illinois,Teal,"Bear, sloth"
533,Hugues,Bollard,Male,65,Illinois,Goldenrod,Burmese black mountain tortoise
534,Wyatan,Fricke,Male,60,Illinois,Indigo,Indian porcupine
535,Domenic,Cunnington,Male,57,Illinois,Goldenrod,"Tamandua, southern"
536,Katherina,Ference,Female,22,Indiana,Indigo,"Opossum, american virginia"
537,Evanne,Vearncombe,Female,46,Iowa,Green,Red-winged hawk (unidentified)
538,Jolene,Jecks,Female,31,Iowa,Purple,Yellow-brown sungazer
539,Reyna,Ayliff,Female,62,Illinois,Red,"Squirrel, richardson's ground"
540,Maryanna,Welchman,Female,24,Indiana,Goldenrod,Mara
541,Forester,Confort,Male,60,Iowa,Mauv,"Cormorant, pied"
542,Teador,Langlois,Male,30,Illinois,Teal,Asian water dragon
543,Franky,Jeenes,Male,34,Illinois,Crimson,"Fowl, helmeted guinea"
544,Cassie,Du Barry,Agender,30,Iowa,Turquoise,"Squirrel, african bush"
545,Candie,Youel,Polygender,18,Indiana,Teal,Black and white colobus
546,Madalyn,Falkus,Female,32,Illinois,Khaki,"Dragon, frilled"
547,Rodd,Baudassi,Male,23,Indiana,Teal,Arctic tern
548,Leann,Beyer,Female,25,Illinois,Pink,"Bee-eater, nubian"
549,Jarret,Hast,Male,24,Indiana,Teal,"Seal, harbor"
550,Dennie,Markwell,Female,61,Illinois,Turquoise,"Dove, ring"
551,Sharleen,Carthew,Female,49,Indiana,Violet,"Crab, red lava"
552,Erv,Bakeup,Male,70,Aydin,Blue,"Fox, blue"
553,Dorree,Bellows,Female,32,Iowa,Khaki,Ferruginous hawk
554,Appolonia,Tremble,Female,21,Indiana,Maroon,Giant anteater
555,Sandro,Sukbhans,Male,20,Illinois,Blue,Greater kudu
556,Avie,Fudge,Female,62,Iowa,Teal,Common genet
557,Alane,Binham,Genderqueer,42,Illinois,Teal,"Bear, american black"
558,Paulie,Von Welldun,Male,69,Illinois,Purple,"Raccoon, crab-eating"
559,Dehlia,Crippell,Female,51,Illinois,Blue,Black-fronted bulbul
560,Wiatt,Bamforth,Male,43,Indiana,Puce,Woodrat (unidentified)
561,Conrad,Strangeway,Male,55,Indiana,Fuscia,Horned puffin
562,Rob,Pitkeathley,Male,62,Aydin,Violet,Bobcat
563,Magdalene,Kilbride,Female,27,Illinois,Turquoise,"Whale, killer"
564,Cindie,Lendrem,Female,69,Illinois,Green,Red squirrel
565,Paul,Tredgold,Male,33,Aydin,Teal,"Vulture, bengal"
566,Marnia,Benedikt,Female,52,Indiana,Puce,"Elephant, asian"
567,Jock,Raymont,Male,43,Indiana,Goldenrod,Blue wildebeest
568,Caldwell,Salmen,Male,43,Indiana,Violet,Banded mongoose
569,Amii,Keats,Female,35,Indiana,Orange,Agama lizard (unidentified)
570,Maurine,Pitfield,Female,57,Illinois,Teal,"Stork, saddle-billed"
571,Carline,Lindenbluth,Female,58,Illinois,Red,"Flamingo, lesser"
572,Maynord,De Michetti,Male,39,Indiana,Orange,"Shelduck, common"
573,Xerxes,Ollivierre,Male,23,Indiana,Yellow,Gaur
574,Elianora,McDermot,Female,41,Illinois,Maroon,Ocelot
575,Charlton,Clayworth,Male,37,Indiana,Puce,American bighorn sheep
576,Desi,Fanthome,Male,53,Illinois,Indigo,"Skua, great"
577,Druci,Roberson,Female,28,Illinois,Green,Yellow-rumped siskin
578,Jamil,Arndt,Male,32,Illinois,Aquamarine,"Dragon, asian water"
579,Nike,Schade,Female,58,Illinois,Khaki,"Waterbuck, common"
580,Marion,Fanner,Male,70,Aydin,Crimson,Pig-tailed macaque
581,Bartolemo,Spraggs,Male,28,Illinois,Mauv,Serval
582,Rollo,McNee,Male,24,Indiana,Yellow,Groundhog
583,Sasha,Klessmann,Female,34,Indiana,Indigo,Black-winged stilt
584,Husain,Flohard,Male,23,Illinois,Goldenrod,"Ringtail, common"
585,Lock,Gailor,Male,45,Indiana,Orange,"Antelope, sable"
586,Farand,Bangley,Female,44,Indiana,Green,Python (unidentified)
587,Cordie,Beachamp,Agender,70,Illinois,Pink,"Bird, secretary"
588,Urbano,Alvis,Male,47,Illinois,Red,"Plover, three-banded"
589,Welby,Puddicombe,Male,36,Illinois,Red,Tammar wallaby
590,Sholom,Schanke,Male,43,Indiana,Maroon,Malabar squirrel
591,Quill,Twamley,Male,55,Indiana,Goldenrod,"Cat, kaffir"
592,Rufe,Martynikhin,Male,67,Indiana,Crimson,"Magpie, australian"
593,Gertruda,Gartenfeld,Female,61,Illinois,Violet,Asian foreset tortoise
594,Ulla,Alecock,Female,48,Illinois,Puce,"Wombat, southern hairy-nosed"
595,Barthel,Lanceter,Male,43,Illinois,Orange,"Opossum, american virginia"
596,Beverlie,Corbert,Female,20,Illinois,Violet,"Lion, southern sea"
597,Shawn,Eslemont,Female,31,Indiana,Purple,"Waxbill, black-cheeked"
598,Cristie,O'Crevy,Female,22,Indiana,Turquoise,Indian giant squirrel
599,Clement,Lackie,Bigender,27,Illinois,Puce,Sun gazer
600,Kyrstin,Menlove,Female,30,Iowa,Indigo,Malleefowl
601,Pinchas,Knapman,Male,61,Indiana,Yellow,Timber wolf
602,Rolph,Yarr,Male,22,Illinois,Violet,Urial
603,Killie,Blaase,Male,22,Indiana,Green,Sea birds (unidentified)
604,Yuma,Stonhewer,Male,41,Illinois,Orange,Collared lizard
605,Lancelot,Vials,Male,57,Illinois,Maroon,Northern phalarope
606,Fonzie,Perren,Male,44,Illinois,Mauv,"Fox, savanna"
607,Meredith,Bassford,Female,35,Iowa,Orange,"Frogmouth, tawny"
608,Julieta,Mitkin,Female,61,Illinois,Violet,"Cat, jungle"
609,Abran,Strewther,Male,54,Illinois,Orange,Four-striped grass mouse
610,Dorry,Ecles,Female,18,Illinois,Puce,"Gull, swallow-tail"
611,Melloney,Parradye,Female,35,Illinois,Teal,Lappet-faced vulture
612,Cedric,Deniscke,Male,29,Illinois,Blue,Sociable weaver
613,Brucie,Cunradi,Male,28,Illinois,Green,Sally lightfoot crab
614,Elmer,Eshelby,Male,25,Illinois,Teal,"Crane, sandhill"
615,Laurella,Brownjohn,Female,58,Illinois,Maroon,"Glider, squirrel"
616,Lissa,Life,Female,42,Aydin,Indigo,Asian red fox
617,Vivien,Bremond,Female,29,Illinois,Teal,"Dunnart, fat-tailed"
618,Bess,Quinsee,Female,19,Indiana,Goldenrod,"Seal, northern elephant"
619,Fionna,Grigaut,Female,62,Indiana,Indigo,Potoroo
620,Ingamar,Cotesford,Male,20,Illinois,Purple,"Fox, bat-eared"
621,Myrtice,McCartney,Female,18,Indiana,Red,Cape clawless otter
622,Bevin,Peasegood,Male,57,Iowa,Maroon,"Mynah, indian"
623,Estel,Andriuzzi,Female,63,Illinois,Mauv,Great white pelican
624,Wallis,Gresch,Genderfluid,46,Indiana,Aquamarine,Field flicker
625,Chalmers,Desbrow,Male,18,Illinois,Teal,African lynx
626,Kermy,Mountjoy,Male,60,Indiana,Purple,Nyala
627,Andeee,Parkman,Female,37,Illinois,Purple,"Waxbill, violet-eared"
628,Jeane,Betser,Female,24,Illinois,Teal,Western palm tanager (unidentified)
629,Christi,Feldheim,Female,52,Iowa,Indigo,"Goose, knob-nosed"
630,Correy,Tocher,Polygender,65,Iowa,Blue,Denham's bustard
631,Glenn,Renac,Male,27,Illinois,Mauv,Lesser flamingo
632,Kristi,Jertz,Female,22,Illinois,Khaki,Pig-tailed macaque
633,Sean,Lugton,Female,56,Indiana,Mauv,Black-capped chickadee
634,Matthias,Cheale,Male,33,Illinois,Maroon,Lilac-breasted roller
635,Sayres,Bille,Male,62,Illinois,Indigo,Giant anteater
636,Crista,Kinsey,Female,41,Iowa,Goldenrod,Guanaco
637,Myron,Bozward,Male,58,Illinois,Blue,Western spotted skunk
638,Laurice,Oolahan,Female,63,Illinois,Red,"Quail, gambel's"
639,Avram,Matelyunas,Male,48,Iowa,Aquamarine,White-mantled colobus
640,Wrennie,Ioselevich,Genderfluid,50,Illinois,Goldenrod,Oriental white-backed vulture
641,Rorke,Alejandri,Male,53,Iowa,Purple,Red-billed tropic bird
642,Elsey,Lippard,Female,23,Indiana,Orange,"Kangaroo, brush-tailed rat"
643,Delainey,Gaffey,Male,29,Indiana,Teal,"Macaw, blue and yellow"
644,Robinetta,Kayley,Female,50,Illinois,Khaki,South African hedgehog
645,Joshuah,Giannini,Polygender,45,Illinois,Blue,Greater kudu
646,Ellary,Crus,Male,44,Illinois,Blue,"Macaw, blue and yellow"
647,Larisa,Dungay,Female,65,Illinois,Red,"Gecko, bent-toed"
648,Sascha,Impy,Female,41,Indiana,Maroon,"Lion, australian sea"
649,Maisie,Boylund,Female,62,Indiana,Green,"Mongoose, banded"
650,Emogene,Dahmke,Female,22,Illinois,Fuscia,Black-tailed tree creeper
651,Baron,Plumridege,Male,24,Iowa,Red,Turtle (unidentified)
652,Dominick,Robey,Male,50,Indiana,Mauv,"Tortoise, asian foreset"
653,Clarita,Driscoll,Female,29,Illinois,Mauv,Kaffir cat
654,Gianni,McGeachey,Male,19,Indiana,Pink,"Goose, canada"
655,Chris,Weth,Female,23,Iowa,Fuscia,American marten
656,Marni,Domesday,Female,19,Illinois,Yellow,"Toucan, white-throated"
657,Viki,Drewett,Bigender,35,Illinois,Orange,Common dolphin
658,Jami,Martland,Female,19,Illinois,Khaki,"Weaver, sociable"
659,Aurelea,Tewkesberrie,Female,31,Illinois,Puce,"Porcupine, north american"
660,Stephie,Rushsorth,Female,49,Illinois,Khaki,"Cormorant, little"
661,Archaimbaud,Cressy,Male,56,Indiana,Purple,"Rabbit, eastern cottontail"
662,Kelcey,Konzelmann,Female,48,Illinois,Blue,"Gecko, tokay"
663,Etty,Holtum,Female,51,Iowa,Indigo,Spotted deer
664,Portia,Smurthwaite,Female,35,Illinois,Maroon,American crow
665,Reggi,Hearns,Female,58,Illinois,Khaki,Sally lightfoot crab
666,Brod,Romanini,Male,29,Indiana,Violet,Bushbuck
667,Kerr,Sallier,Male,55,Indiana,Violet,"Capuchin, weeper"
668,Sean,Lawey,Male,55,Illinois,Maroon,Clark's nutcracker
669,Keane,Bonanno,Male,60,Illinois,Fuscia,"Armadillo, giant"
670,Elijah,Colnet,Male,49,Illinois,Puce,Common long-nosed armadillo
671,Ealasaid,Dran,Female,52,Illinois,Mauv,Asiatic jackal
672,Vidovik,Bonelle,Male,22,Illinois,Blue,"Boa, mexican"
673,Ofella,Leggitt,Female,63,Illinois,Red,White-throated robin
674,Dorelia,Cody,Female,66,Illinois,Indigo,"Dragon, western bearded"
675,Robenia,Battams,Female,38,Illinois,Red,"Kiskadee, great"
676,Caprice,Spurdens,Female,70,Indiana,Crimson,"Monkey, black spider"
677,Christoper,Kingdon,Male,22,Illinois,Teal,"Bustard, kori"
678,Ruddy,Noell,Male,49,Illinois,Teal,"Fox, asian red"
679,Conney,Lamshead,Male,63,Illinois,Khaki,Curve-billed thrasher
680,Artie,Schoales,Male,41,Illinois,Maroon,"Capuchin, white-fronted"
681,Benjamen,Jakov,Male,21,Illinois,Puce,Common palm civet
682,Dare,Sell,Male,48,Indiana,Green,"Hawk-eagle, crowned"
683,Kelcy,Giddins,Female,18,Illinois,Crimson,"Insect, stick"
684,Jephthah,Trelevan,Male,49,Iowa,Khaki,"Cat, miner's"
685,Hadley,McKibben,Male,39,Indiana,Mauv,Red hartebeest
686,Cass,Jowling,Male,38,Illinois,Pink,"Camel, dromedary"
687,Bing,Fossey,Male,55,Indiana,Mauv,"Macaw, green-winged"
688,Osmond,Dettmar,Male,30,Illinois,Aquamarine,Common melba finch
689,Derk,Hanby,Polygender,38,Iowa,Maroon,Seven-banded armadillo
690,Huntlee,Gravet,Male,31,Illinois,Aquamarine,"Boa, emerald green tree"
691,Cy,Sire,Male,38,Illinois,Pink,Sulfur-crested cockatoo
692,Linzy,Lennie,Female,38,Illinois,Puce,"Elephant, african"
693,Abram,Ripley,Male,53,Illinois,Maroon,Laughing dove
694,Clive,Olczak,Male,39,Indiana,Blue,"Blackbird, red-winged"
695,Gerri,Teale,Male,55,Indiana,Crimson,"Spider, wolf"
696,Ogdon,Kneeland,Male,61,Illinois,Khaki,"Tern, white-winged"
697,Mitch,Caldow,Male,68,Illinois,Goldenrod,Great white pelican
698,Deeyn,Dumbelton,Female,66,Indiana,Crimson,Verreaux's sifaka
699,Eberhard,Watting,Male,32,Illinois,Turquoise,Elegant crested tinamou
700,Kalil,Jahner,Male,25,Illinois,Fuscia,Green-backed heron
701,Griselda,Rojas,Female,45,Indiana,Red,Brown antechinus
702,Karlee,Straniero,Female,69,Illinois,Puce,Pied kingfisher
703,Christabella,Rosoman,Female,38,Illinois,Fuscia,Hummingbird (unidentified)
704,Durand,Rae,Male,33,Illinois,Turquoise,Turtle (unidentified)
705,Hubie,McGirr,Male,25,Illinois,Puce,"Heron, goliath"
706,Sutherlan,McCrystal,Male,26,Illinois,Yellow,Paradoxure
707,Cyb,Leger,Female,42,Illinois,Green,Bontebok
708,Ade,Gippes,Male,50,Illinois,Purple,Snake-necked turtle
709,Sibbie,Anglim,Female,35,Illinois,Goldenrod,Crowned hawk-eagle
710,Eulalie,Fossey,Female,61,Illinois,Turquoise,Peregrine falcon
711,Collie,Bastin,Female,43,Indiana,Violet,"Tern, white-winged"
712,Otis,Kittoe,Male,41,Illinois,Indigo,Tropical buckeye butterfly
713,Karie,Scholig,Female,46,Iowa,Fuscia,"Quoll, spotted-tailed"
714,Chanda,Dannehl,Female,61,Illinois,Maroon,Crab-eating fox
715,Vittoria,Woodrough,Female,29,Illinois,Crimson,"Cormorant, king"
716,Judi,Teers,Female,33,Aydin,Red,"Possum, golden brush-tailed"
717,Doti,Farraway,Female,52,Indiana,Khaki,White-fronted capuchin
718,Brody,Gidden,Male,69,Indiana,Yellow,American black bear
719,Urson,Rimington,Male,34,Illinois,Blue,Great white pelican
720,Missie,Millson,Female,22,Indiana,Crimson,"Boa, columbian rainbow"
721,Shannah,Christoforou,Female,26,Iowa,Yellow,"Hawk, red-tailed"
722,Robbie,Humphrey,Female,62,Indiana,Indigo,Ibex
723,Jolene,Newlove,Female,21,Indiana,Orange,Ostrich
724,Nickie,Lockner,Female,62,Indiana,Maroon,"Wallaby, bennett's"
725,Keene,Bedwell,Male,69,Illinois,Mauv,"Constrictor, eastern boa"
726,Clementina,Loisi,Female,45,Iowa,Turquoise,Cape starling
727,Ric,Feaster,Male,43,Illinois,Purple,Indian peacock
728,Corey,Elijah,Male,70,Indiana,Fuscia,Black-capped chickadee
729,Devin,Oxer,Female,36,Indiana,Maroon,"Dragon, ornate rock"
730,Elsworth,Doak,Male,60,Illinois,Blue,"Dove, laughing"
731,Norbie,Golbourn,Male,28,Indiana,Aquamarine,Black-throated butcher bird
732,Elaine,Laurisch,Female,37,Illinois,Goldenrod,"Heron, green"
733,Demeter,Broschek,Female,21,Indiana,Aquamarine,"Catfish, blue"
734,Cheston,Raggles,Male,45,Indiana,Puce,Common long-nosed armadillo
735,Skipper,Kittle,Male,48,Iowa,Maroon,Common pheasant
736,Oberon,Yakobovicz,Male,33,Illinois,Aquamarine,Eastern indigo snake
737,Troy,Higgonet,Male,58,Iowa,Green,"White-eye, pale"
738,Max,Derrington,Male,27,Indiana,Blue,Jungle kangaroo
739,Laura,Simonian,Female,50,Illinois,Yellow,"Moorhen, purple"
740,Sayers,Tanzer,Male,39,Illinois,Violet,"Bustard, denham's"
741,Linn,Wyd,Male,65,Indiana,Purple,Olive baboon
742,Lusa,Ramshay,Bigender,34,Indiana,Yellow,"Wallaby, whip-tailed"
743,Ardys,Dearden,Female,19,Illinois,Turquoise,Cheetah
744,Waldo,Yuryichev,Male,31,Illinois,Mauv,Gelada baboon
745,Vyky,Coats,Female,58,Illinois,Green,White-tailed deer
746,Jolene,Ogle,Genderqueer,48,Indiana,Teal,Plains zebra
747,Ferdinand,Fontel,Male,60,Indiana,Maroon,European badger
748,Retha,Brudenell,Female,47,Indiana,Puce,Swamp deer
749,Ronny,Podd,Female,38,Indiana,Maroon,Spotted-tailed quoll
750,Astra,Chaffey,Female,55,Indiana,Pink,Grey lourie
751,Lilias,Ortas,Female,53,Iowa,Puce,American Virginia opossum
752,Dante,McNeachtain,Male,50,Aydin,Red,"Albatross, galapagos"
753,Elvyn,Etchell,Male,47,Illinois,Maroon,Steenbuck
754,Hally,Gibbieson,Female,48,Illinois,Maroon,"Tapir, brazilian"
755,Anissa,Hanrahan,Female,46,Illinois,Aquamarine,Crested bunting
756,Rodd,Keig,Male,68,Illinois,Red,Fairy penguin
757,Euphemia,Openshaw,Female,20,Iowa,Blue,White-browed sparrow weaver
758,Lissa,Foxall,Female,45,Illinois,Aquamarine,"Barbet, black-collared"
759,Kiah,Hansom,Female,50,Illinois,Goldenrod,"Goose, andean"
760,Florian,Hought,Male,29,Illinois,Green,"Francolin, coqui"
761,Elsie,Arnatt,Female,49,Indiana,Yellow,"Monitor, two-banded"
762,Tiffany,Raffon,Female,67,Illinois,Red,Mexican boa
763,Tod,Francesco,Male,37,Indiana,Violet,"Chipmunk, least"
764,Araldo,Hentze,Male,66,Illinois,Turquoise,Mexican beaded lizard
765,Elene,Ingley,Female,70,Illinois,Goldenrod,White stork
766,Albert,D'orsay,Male,25,Iowa,Blue,Southern sea lion
767,Lauralee,Newcomen,Female,50,Iowa,Turquoise,"Booby, masked"
768,Rodina,Leipoldt,Genderqueer,26,Illinois,Red,Goliath heron
769,Brien,Inglis,Male,26,Iowa,Fuscia,Violet-crested turaco
770,Ingeborg,Chattey,Female,40,Illinois,Goldenrod,"Pheasant, common"
771,Juli,Berriman,Female,53,Indiana,Teal,Mouflon
772,Mark,Phillipson,Male,54,Indiana,Mauv,"Starling, greater blue-eared"
773,Ennis,Craydon,Male,62,Illinois,Puce,Butterfly (unidentified)
774,Stacia,Rimmer,Female,34,Illinois,Khaki,White-headed vulture
775,Belvia,Procter,Female,25,Illinois,Turquoise,Boat-billed heron
776,Michail,Morson,Male,23,Illinois,Crimson,Feathertail glider
777,Christalle,Eveque,Female,30,Indiana,Teal,"Lion, galapagos sea"
778,Shannon,Wych,Female,50,Iowa,Mauv,"Macaw, blue and gold"
779,Dulcie,Krysztofowicz,Genderfluid,39,Illinois,Blue,"Goose, snow"
780,Guinevere,Behr,Genderqueer,20,Illinois,Purple,"Cobra, cape"
781,Nertie,Lambourne,Female,36,Iowa,Purple,Hoary marmot
782,Lucinda,Leighfield,Female,59,Illinois,Khaki,South American sea lion
783,Linzy,Noweak,Female,23,Illinois,Puce,"Beaver, north american"
784,Christophorus,Hefner,Male,33,Illinois,Green,Python (unidentified)
785,Gene,Gethyn,Female,38,Illinois,Puce,"Sloth, two-toed tree"
786,Gregor,Luby,Male,52,Illinois,Puce,Oriental white-backed vulture
787,Winslow,Tommeo,Male,21,Illinois,Green,"Otter, cape clawless"
788,Wolf,Bilsborrow,Male,42,Illinois,Orange,Common brushtail possum
789,Grazia,Buswell,Female,39,Illinois,Aquamarine,"Tern, white-winged"
790,Francklin,Fessier,Male,47,Illinois,Pink,"Tapir, brazilian"
791,Ruthy,Couttes,Female,64,Illinois,Turquoise,"Squirrel, uinta ground"
792,Hieronymus,Dorber,Male,19,Illinois,Crimson,"Crow, house"
793,Farrah,Farnon,Female,53,Illinois,Red,White-cheeked pintail
794,Vannie,Cottie,Female,24,Iowa,Indigo,Olive baboon
795,Giacobo,Mendez,Male,59,Indiana,Crimson,Weeper capuchin
796,Lockwood,Leek,Male,30,Illinois,Goldenrod,Black kite
797,Kerrill,Ashlee,Female,32,Illinois,Puce,"Heron, boat-billed"
798,Maddie,Vidler,Agender,54,Indiana,Turquoise,Galapagos mockingbird
799,Courtney,Ferri,Male,19,Illinois,Fuscia,American alligator
800,Freddy,Coppock.,Male,26,Illinois,Fuscia,Blue-faced booby
801,Collie,Cockland,Female,50,Indiana,Purple,"Bird, secretary"
802,Rianon,Pasque,Female,31,Indiana,Aquamarine,Southern white-crowned shrike
803,Tatiana,Rutty,Female,49,Illinois,Khaki,"Lapwing, southern"
804,Omero,Tallow,Male,39,Indiana,Indigo,Musk ox
805,Olwen,Miner,Female,48,Illinois,Indigo,Roseate cockatoo
806,Enrika,McGurk,Female,28,Indiana,Khaki,Dingo
807,Cordell,Ettery,Male,66,Indiana,Maroon,"Gull, southern black-backed"
808,Gabriel,Welfair,Male,26,Indiana,Yellow,Bare-faced go away bird
809,Kienan,Kilday,Male,40,Illinois,Khaki,Kirk's dik dik
810,Vic,Maysor,Male,35,Illinois,Fuscia,Brindled gnu
811,Mervin,Ginner,Male,41,Aydin,Maroon,"Vulture, black"
812,Robena,Vickors,Female,37,Iowa,Teal,African bush squirrel
813,Adolf,Fishlee,Male,64,Indiana,Goldenrod,"Hawk, galapagos"
814,Osborn,Bacon,Male,33,Illinois,Goldenrod,"Teal, hottentot"
815,Emlynn,Regi,Female,22,Illinois,Blue,Brush-tailed bettong
816,Tish,Claire,Female,33,Illinois,Violet,Griffon vulture
817,Danya,Ceci,Female,32,Indiana,Yellow,"Heron, striated"
818,Bernardina,Mower,Agender,22,Indiana,Yellow,"Sungazer, yellow-brown"
819,Augy,Ghidotti,Male,68,Illinois,Orange,"Phascogale, brush-tailed"
820,Benjie,Febre,Male,69,Indiana,Orange,House sparrow
821,Delmor,Beig,Male,57,Illinois,Red,Numbat
822,Alvira,Ruffli,Female,40,Indiana,Orange,Grizzly bear
823,Tull,Short,Male,38,Illinois,Turquoise,Dama wallaby
824,Humbert,Terran,Male,19,Iowa,Indigo,"Tortoise, burmese black mountain"
825,Geri,Caller,Male,66,Indiana,Indigo,Guanaco
826,Vittoria,Jantot,Female,53,Illinois,Teal,Crab-eating raccoon
827,Ezechiel,Havers,Male,22,Illinois,Turquoise,Crab-eating raccoon
828,Perle,Hincks,Female,23,Iowa,Goldenrod,Red squirrel
829,Aaren,Drillingcourt,Female,45,Illinois,Orange,"Vulture, black"
830,Jobye,Fasson,Female,63,Illinois,Aquamarine,"Cardinal, red-capped"
831,Iorgos,Ledgley,Agender,28,Illinois,Khaki,African lynx
832,Janella,Bordes,Female,64,Indiana,Khaki,Spectacled caiman
833,Emalia,Lumly,Female,30,Indiana,Crimson,"Stork, european"
834,Fidela,Frid,Female,67,Illinois,Yellow,Frilled lizard
835,Karney,Shipp,Male,62,Iowa,Orange,"Buffalo, american"
836,Alain,Lidgerton,Male,66,Illinois,Crimson,"Deer, barasingha"
837,Carmen,Meneghi,Female,36,Indiana,Puce,Black-crowned crane
838,Ichabod,Sullivan,Male,66,Indiana,Crimson,Malabar squirrel
839,Jo,Dolligon,Male,37,Illinois,Pink,Sulfur-crested cockatoo
840,Brade,Chattell,Male,50,Illinois,Yellow,"Tortoise, desert"
841,Eleanor,Rosenfeld,Female,51,Indiana,Pink,"Caiman, spectacled"
842,Christoffer,Ovenden,Bigender,59,Illinois,Green,"Sifaka, verreaux's"
843,Tessie,Bray,Female,69,Indiana,Mauv,Chuckwalla
844,Terri-jo,Nazer,Female,54,Illinois,Blue,Black spider monkey
845,Garald,Stevens,Male,35,Iowa,Maroon,Blue-footed booby
846,Dorisa,Kemet,Female,60,Indiana,Crimson,Grey-footed squirrel
847,Merell,Pinshon,Male,31,Iowa,Orange,Indian mynah
848,Archaimbaud,Durning,Male,43,Indiana,Green,"Antelope, four-horned"
849,Thacher,De Lacey,Male,70,Illinois,Mauv,"Badger, eurasian"
850,Regen,Simak,Male,53,Indiana,Yellow,"Antelope, roan"
851,Jard,Malloch,Male,65,Illinois,Maroon,Snake-necked turtle
852,Buddy,Czaple,Male,23,Aydin,Teal,"Wagtail, african pied"
853,Kendra,Naisby,Female,56,Indiana,Fuscia,Sacred ibis
854,Mervin,Beaty,Male,43,Indiana,Goldenrod,"Colobus, white-mantled"
855,Jemimah,Nendick,Female,40,Illinois,Indigo,"Bustard, denham's"
856,Robby,Dorrance,Male,18,Illinois,Khaki,American beaver
857,Lauralee,Peskin,Female,56,Indiana,Green,Sea birds (unidentified)
858,Walt,Tenny,Male,22,Iowa,Orange,Brown pelican
859,Misty,Ferryman,Female,45,Iowa,Goldenrod,Beisa oryx
860,Ester,Iskowitz,Female,55,Indiana,Yellow,"Gonolek, burchell's"
861,Vaughn,Tiffin,Male,44,Indiana,Orange,Bahama pintail
862,Hebert,Bortolomei,Male,19,Illinois,Orange,Large-eared bushbaby
863,Sadye,Trudgion,Female,49,Indiana,Indigo,Flightless cormorant
864,Bonnibelle,Breem,Female,68,Illinois,Blue,"Dog, bush"
865,Melanie,Deakan,Female,54,Illinois,Green,"Monkey, black spider"
866,Celka,Anning,Female,46,Illinois,Turquoise,Black-faced kangaroo
867,Agata,Danbi,Female,43,Indiana,Maroon,Violet-eared waxbill
868,Herrick,Dunford,Male,45,Illinois,Puce,Common melba finch
869,Courtnay,Panther,Female,39,Indiana,Indigo,"Rhinoceros, white"
870,Abie,Dixie,Male,69,Iowa,Puce,Old world fruit bat (unidentified)
871,Isa,Wolledge,Male,25,Indiana,Green,Sambar
872,Michaeline,Mattia,Female,51,Indiana,Orange,Tiger snake
873,Dido,Joslin,Female,32,Iowa,Red,"Bird, magnificent frigate"
874,Ron,Dict,Male,35,Illinois,Puce,"Cat, tiger"
875,Bent,Pretious,Male,58,Aydin,Pink,"Armadillo, common long-nosed"
876,Katusha,Sothern,Female,48,Indiana,Maroon,"Porcupine, african"
877,Licha,Grason,Female,32,Indiana,Puce,Goanna lizard
878,Dory,Toderbrugge,Male,39,Illinois,Violet,Mountain goat
879,Alphard,Sacker,Male,50,Indiana,Purple,Giant girdled lizard
880,Zaccaria,Gerbl,Male,55,Illinois,Fuscia,"Vulture, white-rumped"
881,Maressa,Stanesby,Female,41,Illinois,Puce,Common wombat
882,Donn,Yesenin,Polygender,68,Illinois,Violet,"Pintail, white-cheeked"
883,Marja,Fincham,Female,44,Iowa,Crimson,Gecko (unidentified)
884,Corabella,Skae,Female,24,Iowa,Red,"Bat, madagascar fruit"
885,Olag,Moulden,Male,64,Indiana,Khaki,Oribi
886,Gerianne,Phethean,Female,55,Indiana,Turquoise,"Vulture, oriental white-backed"
887,Ricardo,Chaff,Male,48,Illinois,Fuscia,"Sheep, stone"
888,Dianna,Pickerin,Female,29,Indiana,Goldenrod,Sockeye salmon
889,Dill,Haws,Male,40,Illinois,Maroon,Rainbow lory
890,Dru,Espina,Male,18,Illinois,Green,White-mantled colobus
891,Archibald,Glozman,Non-binary,43,Illinois,Indigo,"Owl, snowy"
892,Jacquelynn,Cutmere,Female,21,Indiana,Crimson,"Mongoose, yellow"
893,Aylmar,Ditty,Male,34,Iowa,Goldenrod,"Antechinus, brown"
894,Patrizio,Lapworth,Male,41,Illinois,Mauv,"Heron, black-crowned night"
895,Barry,McGivena,Female,25,Illinois,Teal,"Trumpeter, green-winged"
896,Cristina,Fadden,Female,59,Illinois,Goldenrod,"Gecko, bent-toed"
897,Halsy,Litel,Male,19,Iowa,Purple,"Colobus, magistrate black"
898,Montgomery,Calan,Male,48,Indiana,Crimson,Great skua
899,Hermione,Risen,Female,46,Indiana,Pink,Tree porcupine
900,Adrianna,Edensor,Female,66,Illinois,Turquoise,"Tortoise, burmese brown mountain"
901,Feliza,Dengate,Female,20,Illinois,Orange,North American river otter
902,Shari,Fishbourn,Female,55,Illinois,Red,African buffalo
903,Luciano,Flieg,Male,47,Illinois,Turquoise,"Whale, baleen"
904,Gaultiero,Friberg,Male,31,Indiana,Khaki,Short-nosed bandicoot
905,Nissy,Ramet,Female,45,Indiana,Purple,"Squirrel, arctic ground"
906,Rolph,Dahill,Non-binary,35,Iowa,Purple,Bushbuck
907,Lennard,Killingbeck,Male,47,Illinois,Turquoise,Hippopotamus
908,Alvinia,Lamy,Female,28,Illinois,Teal,Long-tailed spotted cat
909,Charlene,Ritmeyer,Female,57,Indiana,Khaki,Nyala
910,Claudianus,Howie,Male,44,Illinois,Indigo,"Seal, northern fur"
911,Kipp,Luckman,Female,42,Indiana,Aquamarine,Pale white-eye
912,Edwin,Ducker,Male,62,Illinois,Khaki,Horned puffin
913,Reinwald,Mumford,Male,39,Indiana,Blue,"Stork, yellow-billed"
914,David,Bernucci,Male,39,Indiana,Turquoise,"Bandicoot, long-nosed"
915,Bill,Castanho,Male,37,Indiana,Turquoise,Laughing kookaburra
916,Tome,Rain,Male,28,Illinois,Blue,Black-footed ferret
917,Marena,Wankling,Female,58,Indiana,Mauv,"Goose, snow"
918,Job,Tumayan,Male,25,Indiana,Orange,Pied kingfisher
919,Cleon,McAlpin,Male,47,Illinois,Green,Paradoxure
920,Kimbra,Tanton,Female,25,Iowa,Crimson,North American river otter
921,Crosby,Bougourd,Polygender,52,Iowa,Goldenrod,"Snake, racer"
922,Oren,Kier,Male,19,Illinois,Indigo,Asian foreset tortoise
923,Arty,Bodycote,Male,59,Illinois,Green,Knob-nosed goose
924,Kristal,Haskur,Female,63,Indiana,Violet,Dingo
925,Feodor,Piller,Male,43,Illinois,Red,Indian porcupine
926,Milty,Conway,Male,55,Illinois,Purple,Red-tailed wambenger
927,Hazel,Bodocs,Genderfluid,62,Illinois,Khaki,"Hornbill, southern ground"
928,Erick,Constantinou,Male,62,Indiana,Aquamarine,"Glider, squirrel"
929,Gaby,Lilly,Male,41,Illinois,Khaki,Rufous tree pie
930,Bibbie,Veare,Female,50,Illinois,Puce,Nile crocodile
931,Ingeberg,Gawthorpe,Female,43,Indiana,Indigo,"Cormorant, king"
932,Kermy,Scholar,Male,32,Illinois,Violet,Black-winged stilt
933,Dallas,Keyte,Female,31,Indiana,Indigo,"Rat, white-faced tree"
934,Carlen,Sopper,Female,19,Indiana,Aquamarine,Grey lourie
935,Dill,Aleksankov,Male,26,Indiana,Aquamarine,Green-winged macaw
936,Emmy,Antrack,Female,55,Illinois,Pink,Kori bustard
937,Lilli,Lowin,Female,66,Illinois,Violet,Genoveva
938,Sid,Herrema,Male,64,Iowa,Aquamarine,Crown of thorns starfish
939,Oswald,Danilyuk,Male,64,Indiana,Violet,"Legaan, ground"
940,Cris,Izaks,Male,41,Iowa,Maroon,"Bear, american black"
941,Carolee,Spaice,Female,61,Illinois,Indigo,"Tortoise, asian foreset"
942,Emery,Doberer,Male,44,Iowa,Purple,"Seal, northern elephant"
943,Brnaba,Bodycote,Male,31,Indiana,Mauv,Sacred ibis
944,Deny,Laroze,Female,49,Illinois,Purple,"Chipmunk, least"
945,Tatiana,Orchart,Female,48,Indiana,Crimson,"Flamingo, greater"
946,Carce,Mccaull,Bigender,24,Iowa,Indigo,Cape white-eye
947,Nelie,Loffel,Female,60,Illinois,Maroon,Nelson ground squirrel
948,Emlynne,Coddington,Female,26,Illinois,Violet,"Wallaby, whip-tailed"
949,Ruttger,Larciere,Male,66,Indiana,Crimson,Common melba finch
950,Hedy,Canning,Female,18,Illinois,Yellow,Darwin ground finch (unidentified)
951,Suzy,Fever,Female,27,Illinois,Khaki,"Coatimundi, ring-tailed"
952,Aguie,MacKegg,Male,31,Illinois,Violet,Peregrine falcon
953,Corette,Nathan,Female,27,Indiana,Blue,"Fox, grey"
954,Eldon,Lahiff,Male,50,Illinois,Crimson,Cape white-eye
955,Trix,Dunbar,Female,61,Illinois,Crimson,Common brushtail possum
956,Nathanial,Letertre,Male,60,Illinois,Teal,"Mongoose, javan gold-spotted"
957,Auberta,Osment,Female,63,Illinois,Khaki,Gulls (unidentified)
958,Kent,Esson,Male,60,Illinois,Purple,Carmine bee-eater
959,Rustin,Feben,Male,56,Illinois,Red,American badger
960,Carlos,Kempstone,Male,33,Iowa,Aquamarine,Tayra
961,Lindon,Hosten,Male,54,Indiana,Violet,"Shark, blue"
962,Issi,Twinbourne,Female,38,Illinois,Khaki,Bushpig
963,Marnie,Sutor,Female,59,Illinois,Pink,"Owl, great horned"
964,Rozalie,Brockie,Female,54,Illinois,Turquoise,Capybara
965,Denyse,Pegrum,Female,26,Iowa,Maroon,Kirk's dik dik
966,Gisele,Parradye,Female,39,Illinois,Violet,Palm squirrel
967,Rosalyn,Lace,Female,39,Iowa,Teal,Mexican boa
968,Dominique,Beauman,Male,53,Illinois,Orange,Stick insect
969,Jackie,Papworth,Male,33,Indiana,Orange,Water monitor
970,Francesco,Collinette,Male,27,Iowa,Pink,Mountain lion
971,Lois,Bruun,Female,29,Indiana,Mauv,Elegant crested tinamou
972,Myca,Fishbourn,Male,47,Indiana,Mauv,Tiger cat
973,Rey,Kacheller,Male,38,Illinois,Goldenrod,"Sheathbill, snowy"
974,Rodge,Maes,Bigender,59,Illinois,Violet,"Crane, black-crowned"
975,Gamaliel,Tankus,Genderfluid,42,Indiana,Green,Common ringtail
976,Yalonda,Vuittet,Female,69,Illinois,Turquoise,"Cormorant, little"
977,Doll,Doe,Agender,21,Indiana,Goldenrod,Springbok
978,Hazel,Worge,Female,30,Indiana,Indigo,Springhare
979,Georgie,Forestel,Female,34,Indiana,Puce,Greater flamingo
980,Kasey,Quarmby,Female,50,Illinois,Puce,"Crab, sally lightfoot"
981,Will,Tennick,Male,46,Indiana,Puce,Arctic hare
982,Cyndie,Kidner,Female,38,Illinois,Blue,Dusky rattlesnake
983,Keefer,Beverley,Male,70,Indiana,Orange,"Goat, mountain"
984,Anna-maria,Doorly,Female,47,Illinois,Maroon,Hanuman langur
985,Orton,Tideswell,Male,24,Illinois,Khaki,"Bird, bare-faced go away"
986,Rab,Lutty,Non-binary,50,Illinois,Khaki,Ring-tailed lemur
987,Bradney,Stihl,Male,41,Indiana,Turquoise,African clawless otter
988,Herculie,Hailston,Male,52,Iowa,Blue,Butterfly (unidentified)
989,Vince,Peron,Male,44,Illinois,Turquoise,Asian openbill
990,Lorettalorna,Saffer,Female,45,Illinois,Goldenrod,"Raven, white-necked"
991,Humbert,Hadlee,Male,24,Iowa,Teal,European red squirrel
992,Farleigh,Skelhorne,Male,54,Indiana,Purple,"Deer, mule"
993,Inness,Diem,Male,60,Illinois,Fuscia,"Woodpecker, red-headed"
994,Flin,Margaret,Male,42,Illinois,Puce,"Gull, lava"
995,Reine,Brane,Polygender,53,Illinois,Mauv,"Wallaby, euro"
996,Lancelot,Krzysztof,Male,68,Illinois,Mauv,"Lion, california sea"
997,Ernest,Fontin,Male,67,Iowa,Teal,"Bear, black"
998,Eunice,Boate,Bigender,68,Illinois,Yellow,"Finch, common melba"
999,Lynnette,Regenhardt,Polygender,60,Indiana,Yellow,Yellow-brown sungazer
1000,Sib,Cardillo,Female,43,Iowa,Blue,Sockeye salmon
